GEOID_BG,GEOID_TR,RID
270530224004,27053022400,477
270531008001,27053100800,295
270531008002,27053100800,295
270531108002,27053110800,595
270530239021,27053023902,160
270531062003,27053106200,533
270530248011,27053024801,571
270530216011,27053021601,432
270530216012,27053021601,439
270530216013,27053021601,439
270530216021,27053021602,109
270530215042,27053021504,596
270530215043,27053021504,670
270530215044,27053021504,596
270530215051,27053021505,5
270530215052,27053021505,670
270530215053,27053021505,5
270370609021,27037060902,366
270370609043,27037060904,366
270370608173,27037060817,335
270370607354,27037060735,27
270370608051,27037060805,418
270370604012,27037060401,531
270370607271,27037060727,358
270370611061,27037061106,232
270370603013,27037060301,147
270370607422,27037060742,570
270370607211,27037060721,398
270370604023,27037060402,88
270190906011,27019090601,561
270190906022,27019090602,458
270190906021,27019090602,458
270190906012,27019090601,561
270190907021,27019090702,542
270190907022,27019090702,542
270190909004,27019090900,21
270190908005,27019090800,21
270190908003,27019090800,21
270190907013,27019090701,449
270190903013,27019090301,530
270190909002,27019090900,21
271390804002,27139080400,163
271390805002,27139080500,280
271390807001,27139080700,280
271390809032,27139080903,23
271390809052,27139080905,92
271390811001,27139081100,645
271390811002,27139081100,645
271230307041,27123030704,86
271230419001,27123041900,395
271230407061,27123040706,156
271230418002,27123041800,607
271230318014,27123031801,179
271230303007,27123030300,58
271230324002,27123032400,197
271230407043,27123040704,0
271230345002,27123034500,427
271230430004,27123043000,187
271230352002,27123035200,236
271230375006,27123037500,572
271230407071,27123040707,156
271230424023,27123042402,212
271230403011,27123040301,74
271230371004,27123037100,620
271230306023,27123030602,278
271230350001,27123035000,478
271230411052,27123041105,476
271230334002,27123033400,413
271230317022,27123031702,86
271230310003,27123031000,612
271230414003,27123041400,549
271230308002,27123030800,30
271230333003,27123033300,586
271230375003,27123037500,572
271230353004,27123035300,266
271230365001,27123036500,565
271230423022,27123042302,325
271230406013,27123040601,156
271230322002,27123032200,465
270190911002,27019091100,544
270190904012,27019090401,487
271230372003,27123037200,464
271230305004,27123030500,30
271230410022,27123041002,315
271230315003,27123031500,128
271230352003,27123035200,236
271230317012,27123031701,97
271230347011,27123034701,375
271230325002,27123032500,68
271230326002,27123032600,68
271230364002,27123036400,565
271230321001,27123032100,413
271230411042,27123041104,476
271230303006,27123030300,58
271230340002,27123034000,175
271230423021,27123042302,325
271230310004,27123031000,140
271630709122,27163070912,62
271630710103,27163071010,247
271630710162,27163071016,317
271630714003,27163071400,500
271630702032,27163070203,215
271630707011,27163070701,247
270190911001,27019091100,544
270190908002,27019090800,113
270190903021,27019090302,447
270190903012,27019090301,447
271230353001,27123035300,373
271230338001,27123033800,175
271230339001,27123033900,175
271230307031,27123030703,86
270190904011,27019090401,487
270190904021,27019090402,314
270190904022,27019090402,544
270190905011,27019090501,314
270190905021,27019090502,608
270190905031,27019090503,608
270190905032,27019090503,647
270190908001,27019090800,83
270190908004,27019090800,113
270190909001,27019090900,113
270190910001,27019091000,280
270190910002,27019091000,280
270190910003,27019091000,83
270530249012,27053024901,159
270530118005,27053011800,606
270530276023,27053027602,543
270531067001,27053106700,180
270531101002,27053110100,615
270530209022,27053020902,397
270530229022,27053022902,411
270530120016,27053012001,643
270530240042,27053024004,15
270530258051,27053025805,553
270530268072,27053026807,196
270530265123,27053026512,639
270530267164,27053026716,121
270531040003,27053104000,198
270530221021,27053022102,217
270531108003,27053110800,595
270531012002,27053101200,269
270531091006,27053109100,504
270530238023,27053023802,527
270530106002,27053010600,13
270531067003,27053106700,496
270531039002,27053103900,640
270530258021,27053025802,352
270530252052,27053025205,710
270530267022,27053026702,463
270530209031,27053020903,39
270530216023,27053021602,109
270530223021,27053022302,577
270531013002,27053101300,409
270531108004,27053110800,444
270530269031,27053026903,174
270530229012,27053022901,244
270531087001,27053108700,78
270530085001,27053008500,161
270530081003,27053008100,279
270530068001,27053006800,496
270531069002,27053106900,301
270531226001,27053122600,477
270531057002,27053105700,299
270530110002,27053011000,182
270530120035,27053012003,550
270530006012,27053000601,7
270531060003,27053106000,506
270530083001,27053008300,630
270531093001,27053109300,633
270530245001,27053024500,510
270530205003,27053020500,374
270530268074,27053026807,196
270530232005,27053023200,4
270531102003,27053110200,562
270531225003,27053122500,189
270531004001,27053100400,173
270530096002,27053009600,359
270531028003,27053102800,71
270530223022,27053022302,577
270531069001,27053106900,161
270530120034,27053012003,14
270530256031,27053025603,17
270530264021,27053026402,293
270530274001,27053027400,462
270530209032,27053020903,559
270530215034,27053021503,224
270530249031,27053024903,159
270531089002,27053108900,673
270531258002,27053125800,363
270531258003,27053125800,161
270530229014,27053022901,244
270530254011,27053025401,435
270530268183,27053026818,181
270530208042,27053020804,224
270530260163,27053026016,59
270530260051,27053026005,393
270530121021,27053012102,509
270531004002,27053100400,101
270530248023,27053024802,510
270530038002,27053003800,119
270530084002,27053008400,486
270530221011,27053022101,52
270531007003,27053100700,389
270531018003,27053101800,351
270530085002,27053008500,594
270530081002,27053008100,138
270530107001,27053010700,444
270530208011,27053020801,196
270530262021,27053026202,679
270530268102,27053026810,490
270530260152,27053026015,102
270530243003,27053024300,79
270531256001,27053125600,376
270530229021,27053022902,628
270530220002,27053022000,592
270531007001,27053100700,503
270531008003,27053100800,503
270530275013,27053027501,638
270531020002,27053102000,409
270530260182,27053026018,542
270530234004,27053023400,551
270530240043,27053024004,79
270530121024,27053012102,509
270530118003,27053011800,434
270530215054,27053021505,31
270531055002,27053105500,604
270530082004,27053008200,304
270530259062,27053025906,246
270530254033,27053025403,115
270530267163,27053026716,488
270531087002,27053108700,540
270531099001,27053109900,692
270530268076,27053026807,463
270530022002,27053002200,239
270531037003,27053103700,296
270531113004,27053111300,98
270530269092,27053026909,619
270531099003,27053109900,574
270531260002,27053126000,240
270531260004,27053126000,161
270530264032,27053026403,293
270530253021,27053025302,115
270530261013,27053026101,623
270530267021,27053026702,70
270530233004,27053023300,589
270530276014,27053027601,383
270530238012,27053023801,313
270530085005,27053008500,161
270531009005,27053100900,48
270531016002,27053101600,558
270530239032,27053023903,305
270530254012,27053025401,352
270531098002,27053109800,628
270530246001,27053024600,648
270530215041,27053021504,397
270530261032,27053026103,425
270530262011,27053026201,635
270530262051,27053026205,167
270530262052,27053026205,489
270530262053,27053026205,489
270530265112,27053026511,224
270530262061,27053026206,636
270530265142,27053026514,12
270530265143,27053026514,672
270530265144,27053026514,672
270530266123,27053026612,454
270530266122,27053026612,12
270530266104,27053026610,481
270530266102,27053026610,481
270530266111,27053026611,53
270530266112,27053026611,481
270530262062,27053026206,19
270530262063,27053026206,167
270530262071,27053026207,635
270530262072,27053026207,635
270530262081,27053026208,157
270530263022,27053026302,552
270530263021,27053026302,635
270530263024,27053026302,552
270530264041,27053026404,81
270530265071,27053026507,129
270530265072,27053026507,639
270530265081,27053026508,224
270530265082,27053026508,6
270530265083,27053026508,687
270530265091,27053026509,6
270530265101,27053026510,224
271630704042,27163070404,258
270530265102,27053026510,224
270530265111,27053026511,689
270530267083,27053026708,174
270530267084,27053026708,174
270530267085,27053026708,584
270530267101,27053026710,693
270530267102,27053026710,399
270530267103,27053026710,399
270531104003,27053110400,480
270530266061,27053026606,307
270530266062,27053026606,82
270530266092,27053026609,131
270530266101,27053026610,406
270530267062,27053026706,536
270530267063,27053026706,536
270530267073,27053026707,631
270530267081,27053026708,291
270530267082,27053026708,174
270530267104,27053026710,249
270530267105,27053026710,28
270530267106,27053026710,693
270530267111,27053026711,121
270530267122,27053026712,121
270530216022,27053021602,217
270530265122,27053026512,639
270530265124,27053026512,129
270530265125,27053026512,491
270530265127,27053026512,129
270370606051,27037060605,292
270370608263,27037060826,466
270370604024,27037060402,264
270370601042,27037060104,145
270370601051,27037060105,220
270531052042,27053105204,469
270531056004,27053105600,446
270531256002,27053125600,229
270531109002,27053110900,598
270531115001,27053111500,595
270530260212,27053026021,102
270531044002,27053104400,588
270531260003,27053126000,630
270530117043,27053011704,606
270531105002,27053110500,65
270530266103,27053026610,613
270530264023,27053026402,150
270531048004,27053104800,554
270530249021,27053024902,159
270530265141,27053026514,12
270530261042,27053026104,157
270531064001,27053106400,554
270530269091,27053026909,431
270530268114,27053026811,124
270531057003,27053105700,85
270531057001,27053105700,85
270531052011,27053105201,469
270531025002,27053102500,497
270531255003,27053125500,352
270530267072,27053026707,162
270531016003,27053101600,239
270531259003,27053125900,363
270530265113,27053026511,224
270530268123,27053026812,70
270531048005,27053104800,369
271630710131,27163071013,308
271630703044,27163070304,671
271630714005,27163071400,500
271630703031,27163070303,424
271630709074,27163070907,576
270370607471,27037060747,309
270370607451,27037060745,321
270530259072,27053025907,508
270530259073,27053025907,378
270530259074,27053025907,378
270530260052,27053026005,393
270530260053,27053026005,157
270530260061,27053026006,270
270190903011,27019090301,530
270190909003,27019090900,83
270370608262,27037060826,537
270370607501,27037060750,226
270370608192,27037060819,335
270370609061,27037060906,396
270530260062,27053026006,267
270530260063,27053026006,228
270530260071,27053026007,157
270530260072,27053026007,157
270530260073,27053026007,267
270530260203,27053026020,696
270530260201,27053026020,412
270530260193,27053026019,59
270370601013,27037060101,286
270370601041,27037060104,387
270530217005,27053021700,394
270530260191,27053026019,241
270530260131,27053026013,658
270530260132,27053026013,658
270530260133,27053026013,164
270530260134,27053026013,699
270530260141,27053026014,200
270530269064,27053026906,618
270531009004,27053100900,558
270531257002,27053125700,168
270530260142,27053026014,164
270530260143,27053026014,200
270530260161,27053026016,377
270530260162,27053026016,59
270530218001,27053021800,1
270530218002,27053021800,1
270530219001,27053021900,194
270530219002,27053021900,590
270530219003,27053021900,217
270530229013,27053022901,505
270530230001,27053023000,505
270530230002,27053023000,340
270530230003,27053023000,353
270530231001,27053023100,628
270530231002,27053023100,694
270530232001,27053023200,141
270530232002,27053023200,141
270530232003,27053023200,141
270530232004,27053023200,4
270530233001,27053023300,589
270530233002,27053023300,4
270530222003,27053022200,217
270530222004,27053022200,223
270530222001,27053022200,514
270530223011,27053022301,514
270530223012,27053022301,514
270530223023,27053022302,141
270530224001,27053022400,52
270530224002,27053022400,255
270530224003,27053022400,477
270370610052,27037061005,400
270370608202,27037060820,380
270530233003,27053023300,4
270530234001,27053023400,340
270530234002,27053023400,573
270530234003,27053023400,573
270530234005,27053023400,634
270530235011,27053023501,353
270530235012,27053023501,353
270530235013,27053023501,353
270530235021,27053023502,575
270530235022,27053023502,355
270531037002,27053103700,296
270531093004,27053109300,633
270530227002,27053022700,505
270530228012,27053022801,580
270530235023,27053023502,573
270530235024,27053023502,355
270530235025,27053023502,160
270530236001,27053023600,411
270530236002,27053023600,411
270530236003,27053023600,694
270530237001,27053023700,411
270530237002,27053023700,527
270370609051,27037060905,366
271390809051,27139080905,92
271390811003,27139081100,380
270370602012,27037060201,387
270530237003,27053023700,318
270530237004,27053023700,355
270530238011,27053023801,313
270530238014,27053023801,521
270530238015,27053023801,521
270530238021,27053023802,643
270530238022,27053023802,527
270530239011,27053023901,523
270530239012,27053023901,370
270530239022,27053023902,160
270530239031,27053023903,191
270530239033,27053023903,305
270530240052,27053024005,15
270530240031,27053024003,155
270530240032,27053024003,404
270530240033,27053024003,155
270530240041,27053024004,155
270530241002,27053024100,502
270530242001,27053024200,274
270530242002,27053024200,274
270530242003,27053024200,274
270530243001,27053024300,274
270530243002,27053024300,274
270530244001,27053024400,274
270530244002,27053024400,274
270530246002,27053024600,311
270530246003,27053024600,311
270530247001,27053024700,571
270530247002,27053024700,571
270530247003,27053024700,571
270530248012,27053024801,510
270530245003,27053024500,510
270530248021,27053024802,571
270530249011,27053024901,571
270530249022,27053024902,126
270530251001,27053025100,710
270530251003,27053025100,151
270530252011,27053025201,151
270530252013,27053025201,151
270530252051,27053025205,710
270530252053,27053025205,697
270530252054,27053025205,151
270530252055,27053025205,646
270530253011,27053025301,38
270530253012,27053025301,38
270530253013,27053025301,38
270530253022,27053025302,115
270530217002,27053021700,522
270530217003,27053021700,522
270530216025,27053021602,432
270530217004,27053021700,522
270530228021,27053022802,629
270530228022,27053022802,629
270530229011,27053022901,61
270530253023,27053025302,38
270530254013,27053025401,435
270530254031,27053025403,435
270530254032,27053025403,44
270530256011,27053025601,242
270530256012,27053025601,242
270530256032,27053025603,276
270530256033,27053025603,79
270530256051,27053025605,294
270530256052,27053025605,472
270530256053,27053025605,276
270530256054,27053025605,472
270530257011,27053025701,144
270530257012,27053025701,47
270530257013,27053025701,47
270530257014,27053025701,47
270530257015,27053025701,84
270530257021,27053025702,17
270530257022,27053025702,185
270530257023,27053025702,185
270530257024,27053025702,17
270530258012,27053025801,34
270530258013,27053025801,34
270530258022,27053025802,553
270530258031,27053025803,144
270530258033,27053025803,144
270530258052,27053025805,144
270530258053,27053025805,553
270530259031,27053025903,144
270530259032,27053025903,144
270530259033,27053025903,144
270530259034,27053025903,144
270530259035,27053025903,47
270530259051,27053025905,59
270530259052,27053025905,59
270530259053,27053025905,420
270530259054,27053025905,59
270530259061,27053025906,246
270530259063,27053025906,246
270530259064,27053025906,246
270530259071,27053025907,246
271390802055,27139080205,256
271390802042,27139080204,92
271390803013,27139080301,238
271390811004,27139081100,645
271390801002,27139080100,237
271390802012,27139080201,66
271390809042,27139080904,92
271390809031,27139080903,23
271390807002,27139080700,280
270530260183,27053026018,542
270530261011,27053026101,4
270530261012,27053026101,4
270530261031,27053026103,4
271630714001,27163071400,148
271630712071,27163071207,357
271630705023,27163070502,258
271630705022,27163070502,258
271630705024,27163070502,247
271630706012,27163070601,247
271630706021,27163070602,258
271630706022,27163070602,37
271630712081,27163071208,143
271630712082,27163071208,357
271630712092,27163071209,500
271630713001,27163071300,25
271630713002,27163071300,148
271630701031,27163070103,41
271630707042,27163070704,247
271630709071,27163070907,62
271630709072,27163070907,62
271630712061,27163071206,148
271630709073,27163070907,67
271630709092,27163070909,235
271630709101,27163070910,602
271630709102,27163070910,42
271630710011,27163071001,42
271630710012,27163071001,686
271630710031,27163071003,148
271630710032,27163071003,148
271630710033,27163071003,148
271630710061,27163071006,681
271630710062,27163071006,42
270370609042,27037060904,366
270370606042,27037060604,452
270370608174,27037060817,273
270370605032,27037060503,25
270370601011,27037060101,494
270370605024,27037060502,110
271630703011,27163070301,284
271630712083,27163071208,357
271630701032,27163070103,368
271630701033,27163070103,368
271630701034,27163070103,368
271630701041,27163070104,368
271630701042,27163070104,368
271630701052,27163070105,215
271630701062,27163070106,41
271630701063,27163070106,215
270190907012,27019090701,520
270190907011,27019090701,520
270530095001,27053009500,382
270530210015,27053021001,31
270530202004,27053020200,362
270530277004,27053027700,137
270530256034,27053025603,661
270530276012,27053027601,137
270531097003,27053109700,594
270530252012,27053025201,435
270531064002,27053106400,649
270530117033,27053011703,408
270530273001,27053027300,552
270530262082,27053026208,635
270530266093,27053026609,12
270530267074,27053026707,684
270530268092,27053026809,287
270530268154,27053026815,260
270530258032,27053025803,553
270530206002,27053020600,302
270530277003,27053027700,137
270530027002,27053002700,409
270531108001,27053110800,692
270531093003,27053109300,633
270530121011,27053012101,509
270530238013,27053023801,527
270530068002,27053006800,496
270530268073,27053026807,713
270530221022,27053022102,477
270531007004,27053100700,503
270531048002,27053104800,369
271230346022,27123034602,316
271230430005,27123043000,187
271230426012,27123042601,62
271230365002,27123036500,236
271230424021,27123042402,62
271230428001,27123042800,2
271230315001,27123031500,128
271230342011,27123034201,43
271230342023,27123034202,43
271230428002,27123042800,43
271230330001,27123033000,128
271230344001,27123034400,43
271230372004,27123037200,69
271230342022,27123034202,2
271230430001,27123043000,187
271230430006,27123043000,169
271239800001,27123980000,-999
271230346011,27123034601,139
271230374021,27123037402,93
271230425014,27123042501,195
271230425013,27123042501,195
271230349001,27123034900,586
271230376021,27123037602,103
271230376024,27123037602,709
271230346023,27123034602,316
271230346013,27123034601,139
271230426013,27123042601,67
271230346021,27123034602,375
271230427002,27123042700,67
271230322001,27123032200,442
271230306012,27123030601,278
271230335001,27123033500,63
271230422011,27123042201,381
271230307022,27123030702,120
271230371003,27123037100,464
271230316002,27123031600,97
271230346012,27123034601,316
271230310001,27123031000,140
271230409011,27123040901,475
271230350002,27123035000,704
271230414002,27123041400,118
271230331001,27123033100,587
271230401003,27123040100,336
271230406011,27123040601,156
270530217001,27053021700,621
270530216024,27053021602,432
271230360001,27123036000,43
271230332001,27123033200,365
271230366001,27123036600,266
271230367001,27123036700,557
271230425031,27123042503,686
271230370002,27123037000,464
271230369002,27123036900,518
271230425041,27123042504,158
271230405032,27123040503,471
271230406045,27123040604,127
271230406042,27123040604,127
271230416011,27123041601,405
271230408031,27123040803,653
271230407031,27123040703,405
271230409022,27123040902,315
271230411072,27123041107,419
271230416013,27123041601,76
271230420021,27123042002,198
271230421014,27123042101,214
271230421022,27123042102,460
271230423012,27123042301,460
271230317024,27123031702,597
271230421013,27123042101,111
271230422021,27123042202,325
271230403023,27123040302,471
271230404022,27123040402,245
271230411074,27123041107,202
271230413012,27123041301,395
271230317011,27123031701,97
271230358001,27123035800,134
271230321002,27123032100,442
271230430002,27123043000,376
271230429002,27123042900,175
271230429004,27123042900,364
271230429003,27123042900,146
271230347021,27123034702,375
271230351001,27123035100,236
271230332002,27123033200,376
271230357002,27123035700,364
271230333001,27123033300,600
271230318022,27123031802,423
271230318023,27123031802,423
271230318024,27123031802,423
271230319001,27123031900,376
271230319002,27123031900,229
271230320001,27123032000,376
271230320002,27123032000,231
271230320003,27123032000,231
271230322003,27123032200,465
271230323001,27123032300,442
271230323002,27123032300,465
271230323003,27123032300,465
271230323004,27123032300,465
271230324001,27123032400,465
271230325001,27123032500,465
271230325003,27123032500,465
271230326001,27123032600,68
271230337001,27123033700,134
271230338002,27123033800,373
271230340001,27123034000,134
271230344002,27123034400,427
271230345001,27123034500,316
271230345003,27123034500,99
271230326003,27123032600,676
271230347012,27123034701,375
271230347013,27123034701,93
271230347022,27123034702,330
271230347023,27123034702,158
271230349002,27123034900,610
271230350003,27123035000,624
271230351002,27123035100,610
271230352001,27123035200,413
271230353003,27123035300,364
271230353002,27123035300,266
271230424011,27123042401,62
271230424012,27123042401,519
271230425012,27123042501,330
271230425011,27123042501,423
271230425042,27123042504,534
271230427001,27123042700,67
271230307033,27123030703,86
271230342021,27123034202,43
271230374023,27123037402,93
271230376023,27123037602,73
271230429001,27123042900,364
271230425032,27123042503,686
271230355001,27123035500,146
271230355002,27123035500,146
271230357001,27123035700,429
271230358003,27123035800,429
271230359001,27123035900,43
271230360002,27123036000,64
271230361001,27123036100,416
271230363001,27123036300,610
271230363002,27123036300,169
271230363003,27123036300,169
271230363004,27123036300,421
271230364004,27123036400,695
271230370003,27123037000,402
271230370004,27123037000,464
271230371001,27123037100,611
271230371005,27123037100,620
271230372001,27123037200,495
271230372002,27123037200,69
271230372005,27123037200,69
271230374022,27123037402,139
271230374031,27123037403,93
271230374032,27123037403,93
271230374033,27123037403,139
271230374034,27123037403,534
271230374035,27123037403,139
271230375001,27123037500,73
271230375002,27123037500,572
271230375005,27123037500,572
271230376011,27123037601,285
271230401005,27123040100,403
271230402001,27123040200,94
271230403012,27123040301,74
271230403021,27123040302,424
271230403022,27123040302,105
271230404011,27123040401,245
271230404012,27123040401,105
271230404013,27123040401,105
271230404021,27123040402,245
271230405021,27123040502,545
271230405031,27123040503,277
271230407042,27123040704,405
271230412001,27123041200,474
271230317021,27123031702,597
271230302012,27123030201,535
271230430003,27123043000,169
271230364001,27123036400,169
271230402002,27123040200,545
271230405041,27123040504,456
271230405042,27123040504,386
271230406012,27123040601,277
271230406031,27123040603,277
271230406032,27123040603,652
271230407051,27123040705,227
271230407052,27123040705,227
271230407062,27123040706,227
271230407063,27123040706,227
271230407072,27123040707,298
271230407073,27123040707,298
271230408011,27123040801,354
271230408012,27123040801,354
271230408032,27123040803,341
271230408033,27123040803,250
271230408034,27123040803,250
271230409012,27123040901,475
271230409021,27123040902,315
271230410011,27123041001,315
271230411071,27123041107,29
271230411073,27123041107,419
271230412002,27123041200,474
271230412003,27123041200,474
271230413011,27123041301,453
271230413013,27123041301,453
271230413021,27123041302,341
271230413022,27123041302,202
271230414001,27123041400,0
271230414004,27123041400,653
271230415001,27123041500,72
271230415002,27123041500,524
271230415003,27123041500,0
271230416012,27123041601,76
271230416021,27123041602,381
271230416022,27123041602,205
271230422022,27123042202,325
271230422023,27123042202,460
271230423011,27123042301,460
271230423023,27123042302,212
271230423024,27123042302,325
271230423025,27123042302,566
271230426021,27123042602,216
271230426022,27123042602,67
271230427003,27123042700,67
271230364003,27123036400,565
271230365003,27123036500,153
271230366003,27123036600,578
271230366004,27123036600,152
271230367002,27123036700,218
271230367003,27123036700,218
271230367004,27123036700,218
271230368001,27123036800,557
271230368002,27123036800,557
271230369001,27123036900,518
271230376012,27123037601,421
271230376013,27123037601,421
271230376022,27123037602,218
271230401001,27123040100,130
271230401002,27123040100,336
271230401004,27123040100,403
271230406033,27123040603,277
271230406041,27123040604,519
271230406043,27123040604,437
271230406044,27123040604,347
271230407033,27123040703,127
271230407032,27123040703,433
271230407041,27123040704,405
271230410021,27123041002,315
271230411031,27123041103,29
271230411032,27123041103,9
271230411041,27123041104,135
271230411051,27123041105,327
271230411053,27123041105,327
271230411061,27123041106,476
271230411062,27123041106,29
271230417001,27123041700,205
271230417002,27123041700,205
271230417003,27123041700,524
271230418003,27123041800,453
271230419002,27123041900,535
271230419003,27123041900,395
271230420011,27123042001,395
271230420012,27123042001,176
271230420022,27123042002,395
271230421011,27123042101,214
271230421012,27123042101,214
271230421021,27123042102,214
270370606031,27037060603,166
270030502251,27003050225,384
270030501101,27003050110,656
270030508051,27003050805,22
270030502322,27003050232,324
270030506081,27003050608,263
270030508113,27003050811,248
270030508054,27003050805,346
270030505042,27003050504,700
271230305002,27123030500,278
271230312001,27123031200,30
271230316003,27123031600,97
271230375004,27123037500,421
271230307032,27123030703,75
271230418004,27123041800,549
271230318012,27123031801,569
271230318013,27123031801,569
271230318021,27123031802,120
271230307043,27123030704,86
271230426023,27123042602,216
271230330002,27123033000,128
271230325004,27123032500,465
271230327002,27123032700,68
271230331002,27123033100,668
271230333002,27123033300,365
271230327001,27123032700,68
271230334001,27123033400,484
271230334003,27123033400,413
271230335002,27123033500,484
271230335003,27123033500,63
271230336001,27123033600,484
270531261004,27053126100,87
270530227003,27053022700,300
270530227001,27053022700,194
270530260181,27053026018,542
270530267151,27053026715,568
270530269093,27053026909,431
270530228011,27053022801,580
270531259002,27053125900,533
270530260151,27053026015,283
270530258011,27053025801,352
270530204001,27053020400,374
270530001022,27053000102,361
271390804003,27139080400,163
271390805001,27139080500,290
271390806001,27139080600,290
270531041001,27053104100,512
270531051001,27053105100,468
270531065002,27053106500,222
270531262002,27053126200,87
270531055003,27053105500,222
270531056003,27053105600,180
270531040002,27053104000,229
270531062001,27053106200,554
270531092001,27053109200,379
270531092003,27053109200,303
271390809041,27139080904,714
271390809043,27139080904,23
271390809061,27139080906,92
271390809063,27139080906,256
271390802021,27139080202,112
271390809053,27139080905,112
271390802033,27139080203,80
271390802022,27139080202,66
270530241001,27053024100,502
270530214001,27053021400,254
270530221012,27053022101,194
270530220001,27053022000,194
270530264024,27053026402,293
270531065001,27053106500,629
270531091002,27053109100,504
270530261043,27053026104,425
270530240051,27053024005,15
270530240061,27053024006,60
270530245002,27053024500,274
270530249032,27053024903,126
271390802031,27139080203,256
271390802032,27139080203,132
271390802034,27139080203,80
271390803011,27139080301,66
270030502101,27003050210,627
270530251002,27053025100,151
270530257025,27053025702,17
270530265051,27053026505,12
270530265052,27053026505,428
270530266114,27053026611,53
270530266113,27053026611,53
270530260221,27053026022,548
270030508183,27003050818,605
270030508161,27003050816,312
270030504011,27003050401,26
270030502271,27003050227,253
270030504012,27003050401,546
270530260222,27053026022,102
270530260192,27053026019,412
270530261041,27053026104,157
270530260223,27053026022,548
270530263023,27053026302,104
270530262022,27053026202,167
270530268191,27053026819,310
270030502272,27003050227,26
270030505011,27003050501,700
270030504022,27003050402,253
270030502301,27003050230,324
270030502371,27003050237,281
270030502362,27003050236,281
271230306021,27123030602,86
271230365004,27123036500,401
271230349003,27123034900,169
271230405023,27123040502,456
271230426011,27123042601,541
270530262012,27053026201,493
270530263012,27053026301,613
270530263011,27053026301,613
270530264043,27053026404,81
270530266121,27053026612,454
270530267121,27053026712,261
270530265121,27053026512,639
270530248022,27053024802,126
270030504023,27003050402,125
270030508213,27003050821,233
270030508211,27003050821,233
270030508201,27003050820,22
270030508202,27003050820,22
270030508212,27003050821,233
270030507041,27003050704,680
270030506103,27003050610,339
270030507021,27003050702,116
270530266124,27053026612,672
270530266051,27053026605,307
270530266052,27053026605,406
270530266131,27053026613,53
270530267071,27053026707,174
270530267112,27053026711,488
270530267141,27053026714,568
270030508131,27003050813,475
270030510011,27003051001,475
270030508102,27003050810,585
270030508133,27003050813,184
270030509012,27003050901,184
270030510012,27003051001,248
270030512061,27003051206,230
270030508181,27003050818,16
270530267161,27053026716,488
270530268111,27053026811,57
270530268122,27053026812,372
270530268232,27053026823,372
270530203011,27053020301,57
270530268222,27053026822,77
270530269084,27053026908,70
270530268203,27053026820,329
270030508191,27003050819,312
270030508192,27003050819,312
270030506061,27003050606,455
270030508182,27003050818,16
270030504021,27003050402,253
270530272031,27053027203,462
270530272033,27053027203,314
270530272015,27053027201,314
270530275041,27053027504,651
270530275031,27053027503,651
270531261002,27053126100,351
270030502231,27003050223,384
270030502332,27003050233,281
270030502372,27003050237,368
270030505053,27003050505,26
270531075001,27053107500,649
270531090001,27053109000,654
270531056001,27053105600,446
270530265103,27053026510,6
270530264042,27053026404,81
270530264022,27053026402,150
270530264031,27053026403,81
270530268121,27053026812,372
270531002003,27053100200,173
270530006011,27053000601,7
270530024002,27053002400,351
270531025003,27053102500,497
270530033002,27053003300,71
270531052012,27053105201,446
270531054002,27053105400,288
270530110004,27053011000,434
270530120033,27053012003,14
270530119983,27053011998,434
270531115002,27053111500,14
270531115004,27053111500,14
270530209033,27053020903,397
270530222002,27053022200,150
270530240062,27053024006,60
270530239013,27053023901,523
270530257016,27053025701,47
271630705021,27163070502,258
270530260153,27053026015,102
270530260202,27053026020,59
270530260211,27053026021,548
270530266091,27053026609,131
270530262083,27053026208,19
270530266132,27053026613,252
270530267154,27053026715,371
270530265092,27053026509,12
270530266063,27053026606,82
270530267061,27053026706,174
270530268223,27053026822,124
270530268233,27053026823,372
270530268231,27053026823,124
270530268192,27053026819,463
270531257003,27053125700,558
270531012003,27053101200,100
270370607092,27037060709,237
271230303004,27123030300,205
271230424024,27123042402,62
271390806002,27139080600,280
270370607093,27037060709,237
270370607102,27037060710,237
270370607131,27037060713,271
270370607502,27037060750,398
270370607252,27037060725,123
270370607261,27037060726,226
270370607272,27037060727,358
270370607301,27037060730,18
270370607302,27037060730,18
270370607332,27037060733,27
270370607333,27037060733,213
270370607352,27037060735,117
270370607412,27037060741,479
270370605054,27037060505,268
270370608151,27037060815,273
270370608162,27037060816,273
270370608171,27037060817,335
270370608181,27037060818,273
270370608191,27037060819,335
270370608201,27037060820,366
270370608221,27037060822,193
270370608241,27037060824,418
270370608252,27037060825,440
270370610031,27037061003,440
270370611021,27037061102,450
270370607212,27037060721,117
270370607091,27037060709,603
270370601014,27037060101,495
270370611051,27037061105,204
270370601021,27037060102,563
270370607321,27037060732,436
270370601022,27037060102,219
270370608122,27037060812,407
270370601031,27037060103,219
270370604022,27037060402,88
270370611023,27037061102,450
270370611052,27037061105,675
270370611071,27037061107,622
270370611072,27037061107,609
270370611081,27037061108,204
270370611082,27037061108,675
270370611083,27037061108,675
270370607342,27037060734,213
270370608212,27037060821,366
270370602021,27037060202,387
270370602022,27037060202,601
270370603011,27037060301,147
270370603012,27037060301,147
270370603014,27037060301,387
270370604021,27037060402,110
270370605023,27037060502,110
270370605034,27037060503,582
270370605053,27037060505,268
270370606034,27037060603,166
271230308003,27123030800,68
271230307042,27123030704,86
271230308001,27123030800,30
271230308004,27123030800,30
271230309001,27123030900,711
271230309002,27123030900,140
271230309003,27123030900,140
271230311002,27123031100,140
271230310005,27123031000,278
271230311001,27123031100,597
271230311003,27123031100,211
271230312002,27123031200,461
271230312003,27123031200,461
271230313001,27123031300,68
271390803012,27139080301,342
271230310002,27123031000,597
271230313002,27123031300,68
271230314001,27123031400,616
271230314002,27123031400,616
271230315002,27123031500,128
271230316001,27123031600,597
271230307021,27123030702,120
271230306022,27123030602,211
271230306024,27123030602,211
271230307023,27123030702,75
271230307024,27123030702,75
271230307025,27123030702,120
270370608121,27037060812,457
270370608132,27037060813,186
270370608141,27037060814,457
270370605021,27037060502,25
270370601052,27037060105,387
270370605051,27037060505,220
270370602013,27037060201,581
270370607303,27037060730,96
271230316004,27123031600,597
271230317023,27123031702,597
271230318011,27123031801,75
270030502203,27003050220,56
270030508072,27003050807,49
271390802051,27139080205,256
271390801001,27139080100,132
271390802011,27139080201,66
271390802041,27139080204,66
271390802052,27139080205,80
271390802054,27139080205,80
271390802053,27139080205,80
271390804001,27139080400,342
271390803021,27139080302,334
271390809033,27139080903,334
271390803023,27139080302,334
271390809062,27139080906,92
270370607142,27037060714,309
270370607382,27037060738,501
270370607482,27037060748,107
270370607381,27037060738,89
270370607141,27037060714,89
270370607132,27037060713,251
270370607371,27037060737,501
270370607111,27037060711,251
270370607372,27037060737,271
270370607112,27037060711,321
270370607101,27037060710,321
270370607411,27037060741,473
270370607413,27037060741,479
270370608131,27037060813,186
270370607462,27037060746,186
270370607392,27037060739,583
270370607452,27037060745,479
270370607341,27037060734,27
270370608063,27037060806,251
270370610041,27037061004,707
270370610042,27037061004,328
270370607292,27037060729,27
270370607331,27037060733,27
270370607281,27037060728,96
270370607171,27037060717,96
270370607262,27037060726,226
270370607311,27037060731,149
270370607313,27037060731,149
270370607393,27037060739,80
270370607423,27037060742,479
270370608142,27037060814,457
270370608152,27037060815,186
270370608161,27037060816,272
270370608143,27037060814,272
270370608163,27037060816,457
270370608182,27037060818,396
270370608291,27037060829,537
270370608231,27037060823,537
270370610071,27037061007,438
270370610072,27037061007,400
270370610051,27037061005,400
270370609041,27037060904,366
270370606061,27037060606,292
270370608251,27037060825,193
270370608183,27037060818,323
270370608193,27037060819,272
270370605093,27037060509,582
270370606033,27037060603,452
270370606041,27037060604,452
270370607161,27037060716,123
270370601044,27037060104,387
270370607282,27037060728,18
270370607461,27037060746,186
270370609072,27037060907,688
270370608232,27037060823,537
270530243004,27053024300,79
270530201021,27053020102,7
270370607253,27037060725,226
270530216026,27053021602,432
271230370001,27123037000,620
271230371002,27123037100,620
271230405022,27123040502,386
271230410012,27123041001,315
271230418001,27123041800,549
271230424022,27123042402,212
271230301001,27123030100,176
271230301002,27123030100,176
270030505014,27003050501,700
270030505012,27003050501,492
270030505013,27003050501,125
270030505041,27003050504,339
270030505052,27003050505,26
270030505051,27003050505,297
270030505054,27003050505,297
270030506021,27003050602,632
270030506022,27003050602,662
270030506054,27003050605,33
270030506071,27003050607,662
270030506072,27003050607,662
270030506073,27003050607,662
270030506074,27003050607,20
270030506082,27003050608,20
270030506083,27003050608,263
270030506091,27003050609,142
270030506092,27003050609,344
270030506093,27003050609,344
270030506104,27003050610,33
270030506101,27003050610,339
270030507022,27003050702,390
270030507042,27003050704,116
270030507044,27003050704,263
270030507045,27003050704,556
270030508074,27003050807,233
270030508082,27003050808,390
270030508091,27003050809,475
270030508092,27003050809,585
270030508093,27003050809,50
270030508103,27003050810,50
270030508104,27003050810,585
270030508112,27003050811,209
270030508111,27003050811,209
270030509021,27003050902,368
270030509022,27003050902,445
270030509023,27003050902,445
270030509024,27003050902,445
270030510021,27003051002,209
270030510022,27003051002,248
270030510023,27003051002,209
270030511011,27003051101,248
270030511012,27003051101,55
270530241003,27053024100,502
270030512062,27003051206,230
270030513021,27003051302,350
270030513022,27003051302,350
270030513023,27003051302,230
270030513051,27003051305,593
270030513052,27003051305,350
270030513053,27003051305,708
270030514002,27003051400,230
270030515011,27003051501,7
270030515012,27003051501,230
270030512033,27003051203,230
270030515021,27003051502,7
270030515022,27003051502,7
270030515023,27003051502,7
270530265126,27053026512,129
270030502082,27003050208,56
270030507114,27003050711,116
270030507115,27003050711,56
270030507122,27003050712,319
270030507123,27003050712,116
270030508053,27003050805,346
270030508061,27003050806,346
270030508062,27003050806,346
270030508063,27003050806,233
270030508064,27003050806,233
270030508071,27003050807,233
270030508073,27003050807,390
270030502102,27003050210,368
270030502103,27003050210,368
270030502104,27003050210,368
270030507061,27003050706,263
270030508132,27003050813,227
270030508134,27003050813,312
270030508135,27003050813,445
270030508162,27003050816,8
270030509011,27003050901,312
270030502191,27003050219,26
270030511013,27003051101,260
270030511015,27003051101,260
270030511022,27003051102,712
270030511023,27003051102,564
270030511032,27003051103,135
270030511033,27003051103,248
270030512011,27003051201,55
270030512013,27003051201,55
270030512021,27003051202,564
270030512022,27003051202,230
270030512031,27003051203,230
270030512032,27003051203,230
270530059012,27053005901,588
270530059021,27053005902,161
270530059022,27053005902,161
270530068003,27053006800,496
270531259001,27053125900,415
270530077001,27053007700,188
270530077002,27053007700,496
270530078011,27053007801,301
270530078012,27053007801,304
270530081001,27053008100,138
270530081004,27053008100,279
270530082001,27053008200,304
270530082002,27053008200,207
270530082003,27053008200,138
270530083002,27053008300,304
270530084001,27053008400,486
270530085003,27053008500,486
270030502192,27003050219,367
270030502201,27003050220,26
270530095002,27053009500,359
270530095003,27053009500,360
270530096001,27053009600,382
270530096003,27053009600,360
270530096004,27053009600,615
270530085004,27053008500,486
270530106001,27053010600,470
270530106003,27053010600,655
270530107002,27053010700,32
270530107003,27053010700,32
270530110001,27053011000,615
270530110003,27053011000,182
270530117031,27053011703,333
270030502204,27003050220,515
270030502211,27003050221,515
270030502213,27003050221,515
270030502222,27003050222,515
270030502223,27003050222,701
270030502224,27003050222,515
270030506062,27003050606,33
270530117032,27053011703,333
270530117034,27053011703,333
270530117035,27053011703,434
270530117041,27053011704,408
270530117042,27053011704,408
270530118001,27053011800,11
270530118002,27053011800,434
270530118004,27053011800,434
270530119981,27053011998,11
270530119984,27053011998,11
270530119985,27053011998,11
270530119982,27053011998,11
270530120011,27053012001,343
270530120012,27053012001,343
270530120013,27053012001,343
270530120015,27053012001,643
270530120017,27053012001,643
270530120032,27053012003,274
270530120036,27053012003,14
270530120031,27053012003,14
270530121012,27053012101,528
270530121013,27053012101,606
270530121022,27053012102,509
270530121023,27053012102,509
270530201011,27053020101,203
270530201012,27053020101,202
270530201013,27053020101,9
270530201022,27053020102,7
270530202001,27053020200,230
270530202002,27053020200,259
270530202003,27053020200,362
270530202005,27053020200,362
270530202006,27053020200,362
270530202007,27053020200,259
270530211001,27053021100,559
270530211002,27053021100,559
270530212001,27053021200,254
270030502241,27003050224,384
270030502242,27003050224,384
270530212002,27053021200,516
270530212003,27053021200,171
270530212004,27053021200,516
270530213001,27053021300,516
270530213002,27053021300,621
270530213003,27053021300,410
270530213004,27053021300,516
270030502252,27003050225,384
270030502261,27003050226,384
270030507062,27003050706,263
270030507063,27003050706,263
270030507071,27003050707,56
270030507072,27003050707,56
270030507091,27003050709,275
270030507092,27003050709,275
270030507101,27003050710,263
270030507102,27003050710,275
270030507103,27003050710,263
270030507104,27003050710,275
270030507111,27003050711,56
270530203012,27053020301,262
270530203022,27053020302,262
270530203031,27053020303,262
270530203032,27053020303,287
270530203033,27053020303,262
270530203041,27053020304,287
270530203042,27053020304,287
270530203043,27053020304,287
270530204002,27053020400,459
270530204003,27053020400,459
270530204004,27053020400,559
270530205001,27053020500,302
270530214003,27053021400,621
270530215011,27053021501,39
270530215012,27053021501,39
270530215013,27053021501,243
270530215021,27053021502,243
270530215022,27053021502,243
270530215023,27053021502,243
270530215031,27053021503,224
270530215032,27053021503,224
270530215033,27053021503,224
270530214002,27053021400,522
270030502281,27003050228,348
270030502282,27003050228,348
270030502291,27003050229,368
270030502292,27003050229,368
270030506051,27003050605,178
270030506052,27003050605,178
270030506053,27003050605,33
270030502361,27003050236,368
270530205002,27053020500,302
270530206001,27053020600,302
270530207001,27053020700,459
270530207002,27053020700,459
270530207003,27053020700,459
270530207004,27053020700,459
270530208012,27053020801,39
270530208041,27053020804,39
270530208043,27053020804,39
270530209021,27053020902,46
270530210011,27053021001,410
270530210012,27053021001,432
270530210014,27053021001,5
270530210021,27053021002,432
270030502321,27003050232,324
270530269101,27053026910,253
270530277002,27053027700,137
270531020001,27053102000,71
270531056002,27053105600,446
270531067004,27053106700,604
270531076004,27053107600,654
270531089003,27053108900,654
270531102001,27053110200,615
270531113006,27053111300,643
270531255002,27053125500,352
270530001011,27053000101,392
270530001012,27053000101,165
270530001013,27053000101,705
270530001014,27053000101,374
270530001021,27053000102,302
270530001023,27053000102,685
270530001024,27053000102,392
270530001025,27053000102,392
270530003002,27053000300,171
270530003003,27053000300,171
270530003004,27053000300,171
270530006013,27053000601,555
270530006014,27053000601,555
270530006031,27053000603,499
270530006032,27053000603,499
270530006033,27053000603,499
270530011001,27053001100,555
270530011002,27053001100,269
270530017001,27053001700,351
270530017002,27053001700,3
270530024001,27053002400,351
270530006034,27053000603,7
270530027001,27053002700,71
270530032001,27053003200,409
270530032002,27053003200,522
270530033001,27053003300,71
270531262001,27053126200,351
270530038003,27053003800,119
270530038001,27053003800,119
270530059011,27053005901,288
270370608211,27037060821,396
270370607472,27037060747,107
270370609071,27037060907,688
270370608281,27037060828,407
270370610081,27037061008,438
270370606062,27037060606,166
270370606032,27037060603,166
270370608253,27037060825,537
270370608261,27037060826,537
270370602011,27037060201,581
270370601053,27037060105,581
270370604011,27037060401,264
270370605061,27037060506,220
270370605022,27037060502,35
270370605031,27037060503,40
270370605092,27037060509,35
270370605081,27037060508,35
270370605055,27037060505,268
270370605071,27037060507,35
270370608062,27037060806,251
270370601032,27037060103,220
270370601043,27037060104,220
270370605072,27037060507,35
270370608112,27037060811,467
270370608113,27037060811,467
270370608203,27037060820,380
270370610091,27037061009,328
270370607414,27037060741,473
270370607421,27037060742,473
270370608213,27037060821,366
270370607481,27037060748,107
270370610092,27037061009,326
270370610082,27037061008,440
271230358002,27123035800,364
271230366002,27123036600,73
270370607491,27037060749,226
270370605091,27037060509,40
270370611062,27037061106,622
270370607441,27037060744,398
270370605033,27037060503,40
270370608123,27037060812,457
270370605082,27037060508,257
270370607353,27037060735,398
270370607322,27037060732,436
270370608172,27037060817,273
270370601012,27037060101,387
270370602023,27037060202,108
270370603021,27037060302,531
270370607312,27037060731,149
270370607391,27037060739,237
270370608052,27037060805,418
270370607351,27037060735,398
270370605084,27037060508,257
270370608061,27037060806,251
270370607503,27037060750,398
270370607251,27037060725,123
270370607291,27037060729,358
270370607323,27037060732,579
270370607162,27037060716,398
270370608111,27037060811,457
270370603023,27037060302,108
270370608242,27037060824,418
270370603022,27037060302,531
270370601023,27037060102,166
270370611022,27037061102,622
270370605052,27037060505,145
270370607172,27037060717,560
270370607431,27037060743,625
270370605062,27037060506,35
270370605083,27037060508,257
270530212005,27053021200,374
271630710132,27163071013,308
271630710122,27163071012,686
271390803022,27139080302,334
271630707031,27163070703,247
271630707012,27163070701,247
271630707013,27163070701,637
271630707032,27163070703,37
271630712062,27163071206,357
271630703033,27163070303,245
271630701051,27163070105,41
271630701043,27163070104,215
271630705012,27163070501,414
271630710151,27163071015,507
271630710133,27163071013,507
271630710153,27163071015,507
271630710182,27163071018,192
271630714004,27163071400,177
271630714002,27163071400,349
271630712091,27163071209,143
271630709121,27163070912,42
271630709112,27163070911,235
271630712073,27163071207,143
271630710111,27163071011,644
271630710101,27163071010,644
271630710102,27163071010,681
271630712063,27163071206,148
271630712093,27163071209,143
271630701061,27163070106,368
271630701053,27163070105,41
271630706023,27163070602,37
271630710171,27163071017,247
271630709111,27163070911,62
271630709063,27163070906,62
271630709061,27163070906,62
271630709062,27163070906,62
271630709113,27163070911,235
271630709091,27163070909,45
271630709093,27163070909,235
271630707041,27163070704,37
271630709114,27163070911,62
271630710123,27163071012,148
271630710181,27163071018,192
271630705011,27163070501,258
271630706011,27163070601,441
271630703041,27163070304,424
271630704051,27163070405,441
271630704063,27163070406,45
271630704052,27163070405,441
271630710141,27163071014,599
271630710161,27163071016,95
271630712072,27163071207,331
271630710112,27163071011,681
271630710152,27163071015,192
271630710121,27163071012,308
271630710142,27163071014,308
270531226002,27053122600,300
270531255001,27053125500,352
270530003001,27053000300,332
270530022001,27053002200,239
270530120014,27053012001,114
270530203021,27053020302,310
270530210013,27053021001,46
270531225001,27053122500,24
270531225002,27053122500,477
270030508164,27003050816,8
270030502081,27003050208,526
270030512023,27003051202,322
270030502221,27003050222,289
270030502212,27003050221,289
270030507113,27003050711,346
270030513042,27003051304,350
270030508163,27003050816,8
270030501112,27003050111,430
270030501113,27003050111,338
270030514001,27003051400,525
270030508081,27003050808,233
270030502331,27003050233,281
270030507043,27003050704,154
270030512012,27003051201,322
270030508101,27003050810,585
270030511031,27003051103,475
270030507112,27003050711,116
270030513041,27003051304,593
270030507121,27003050712,319
270030507124,27003050712,116
270030511021,27003051102,248
270030501091,27003050109,674
271630702031,27163070203,614
271630702041,27163070204,130
271630702042,27163070204,130
270030514003,27003051400,683
270030511014,27003051101,275
270030502202,27003050220,526
270030508052,27003050805,667
270030506102,27003050610,664
270030507073,27003050707,319
270030514004,27003051400,683
270030501092,27003050109,674
270030501093,27003050109,225
270030501094,27003050109,225
270030501102,27003050110,430
270030501111,27003050111,190
271630703012,27163070301,94
271630703032,27163070303,206
271230301004,27123030100,198
271230301005,27123030100,176
271230302011,27123030201,607
271230302021,27123030202,136
271230302013,27123030201,532
271230301003,27123030100,641
271230302014,27123030201,532
271230303001,27123030300,170
271230303002,27123030300,170
271230303003,27123030300,461
271230303005,27123030300,607
271630703042,27163070304,424
271230304001,27123030400,517
271230304002,27123030400,461
271230304003,27123030400,517
271230305001,27123030500,616
271230305003,27123030500,616
271230306011,27123030601,278
271630703043,27163070304,337
271630703045,27163070304,671
271630704041,27163070404,320
270190910004,27019091000,83
271630704061,27163070406,45
271630704062,27163070406,247
270530274002,27053027400,538
270530274003,27053027400,702
270530274004,27053027400,417
270530275011,27053027501,417
270530275014,27053027501,690
270530275012,27053027501,638
270530275032,27053027503,638
270530275034,27053027503,638
270530275033,27053027503,183
270530275043,27053027504,651
270530275042,27053027504,702
270530276011,27053027601,659
270530276013,27053027601,591
270530276021,27053027602,543
270530276022,27053027602,314
270530276024,27053027602,591
270530276025,27053027602,314
270531036001,27053103600,426
270531036002,27053103600,296
270531037001,27053103700,119
270531039001,27053103900,529
270530276026,27053027602,383
270531023002,27053102300,351
270531025001,27053102500,567
270531026001,27053102600,703
270531026002,27053102600,119
270531028001,27053102800,51
270531028002,27053102800,51
270531029001,27053102900,265
270531030001,27053103000,199
270531030002,27053103000,351
270531031001,27053103100,426
270531034001,27053103400,265
270531034002,27053103400,265
270531034003,27053103400,511
270530267131,27053026713,10
270530267132,27053026713,36
270530267133,27053026713,36
270530267134,27053026713,36
270531040001,27053104000,703
270531040004,27053104000,388
270531040005,27053104000,388
270531041002,27053104100,511
270531044001,27053104400,446
270531261003,27053126100,87
270531261001,27053126100,483
270531048001,27053104800,483
270531048003,27053104800,554
270530267142,27053026714,356
270530267143,27053026714,488
270530267152,27053026715,356
270530267153,27053026715,371
270530277001,27053027700,306
270530277005,27053027700,314
270531002002,27053100200,173
270531002001,27053100200,374
270531004003,27053100400,101
270531005001,27053100500,302
270531005002,27053100500,558
270531007002,27053100700,389
270531008004,27053100800,295
270531009001,27053100900,558
270531009002,27053100900,48
270531009003,27053100900,48
270531012001,27053101200,269
270531012004,27053101200,100
270530267162,27053026716,488
270530268071,27053026807,196
270530268075,27053026807,196
270530268091,27053026809,463
270530268093,27053026809,463
270530268101,27053026810,310
270530268103,27053026810,490
270530268104,27053026810,490
270531013001,27053101300,168
270531257001,27053125700,168
270531016001,27053101600,172
270531018001,27053101800,269
270531018002,27053101800,351
270531019001,27053101900,698
270531019002,27053101900,682
270531019003,27053101900,282
270531020003,27053102000,409
270531021001,27053102100,657
270531021002,27053102100,51
270531021003,27053102100,660
270531023001,27053102300,351
270530268105,27053026810,463
270530268106,27053026810,463
270530268112,27053026811,91
270530268113,27053026811,57
270530268141,27053026814,706
270530268142,27053026814,57
270530268143,27053026814,77
270530268144,27053026814,260
270530268145,27053026814,77
270530268151,27053026815,260
270530268152,27053026815,391
270530268153,27053026815,77
270530268161,27053026816,547
270530268162,27053026816,547
270530268163,27053026816,70
270530268164,27053026816,372
270530268165,27053026816,448
270530268181,27053026818,463
270530268182,27053026818,122
270530268184,27053026818,547
270530268201,27053026820,455
270530268202,27053026820,329
270530268204,27053026820,455
270530268221,27053026822,77
270530269032,27053026903,174
270530269033,27053026903,234
270530269061,27053026906,125
270530269062,27053026906,125
270530269063,27053026906,485
270530269071,27053026907,174
270530269072,27053026907,482
270530269081,27053026908,618
270530269082,27053026908,618
270530269083,27053026908,125
270530269102,27053026910,234
270530270021,27053027002,306
270530270022,27053027002,306
270530270023,27053027002,306
270530271011,27053027101,385
270530271012,27053027101,307
270530271013,27053027101,306
270530271021,27053027102,431
270530271022,27053027102,431
270530271023,27053027102,385
270530271024,27053027102,385
270530272011,27053027201,462
270530272012,27053027201,201
270530272014,27053027201,665
270530272013,27053027201,665
270530272016,27053027201,307
270530272021,27053027202,307
270530272022,27053027202,307
270530272032,27053027203,201
270530273002,27053027300,82
270530273003,27053027300,552
270530273004,27053027300,82
270531115005,27053111500,669
270531115003,27053111500,677
270531116001,27053111600,54
270531116002,27053111600,54
270531116003,27053111600,54
270531116004,27053111600,595
270531091003,27053109100,678
270531091004,27053109100,90
270531091005,27053109100,678
270531092002,27053109200,470
270531093002,27053109300,574
270531093005,27053109300,207
270531094001,27053109400,207
270531094002,27053109400,210
270531097001,27053109700,540
270531097002,27053109700,615
270531098001,27053109800,504
270531098003,27053109800,90
270531098004,27053109800,642
270531098005,27053109800,90
270531099002,27053109900,692
270531099004,27053109900,470
270531100001,27053110000,617
270531090002,27053109000,345
270531091001,27053109100,504
270531055001,27053105500,222
270531055004,27053105500,604
270531060001,27053106000,506
270531054001,27053105400,588
270531060002,27053106000,363
270531062002,27053106200,533
270531065003,27053106500,626
270531111002,27053111100,691
270531111004,27053111100,133
270531112001,27053111200,451
270531112002,27053111200,411
270531112003,27053111200,208
270531113001,27053111300,32
270531113002,27053111300,13
270531113003,27053111300,13
270531113005,27053111300,643
270531111003,27053111100,133
270531114001,27053111400,32
270531114002,27053111400,32
270531114003,27053111400,666
270531114004,27053111400,221
270531066001,27053106600,604
270531066002,27053106600,513
270531074001,27053107400,415
270531074002,27053107400,106
270531075002,27053107500,415
270531076001,27053107600,422
270531258001,27053125800,161
270531076002,27053107600,106
270531076003,27053107600,422
270531080001,27053108000,626
270531080002,27053108000,504
270531080003,27053108000,279
270531080004,27053108000,379
270531086001,27053108600,540
270531086002,27053108600,78
270531086003,27053108600,594
270531087003,27053108700,540
270531088001,27053108800,540
270531088002,27053108800,673
270531088003,27053108800,654
270531088004,27053108800,654
270531089001,27053108900,673
270531049001,27053104900,498
270531049002,27053104900,539
270531049003,27053104900,539
270531049004,27053104900,650
270531049005,27053104900,663
270531051002,27053105100,468
270531051003,27053105100,1
270531052041,27053105204,299
270531102004,27053110200,443
270531104001,27053110400,480
270531104002,27053110400,65
270531104004,27053110400,480
270531100002,27053110000,360
270531101001,27053110100,615
270531101003,27053110100,615
270531102002,27053110200,615
270531105003,27053110500,65
270531105004,27053110500,65
270531105005,27053110500,187
270531105001,27053110500,345
270531108005,27053110800,444
270531108006,27053110800,444
270531109003,27053110900,598
270531109001,27053110900,595
270531111001,27053111100,562
270531066003,27053106600,604
270531067002,27053106700,180
270531070001,27053107000,301
270531070002,27053107000,188
270531070003,27053107000,496
270531260001,27053126000,240
