id,totalwhite,totalppl,over65,total65
270030501091,1663,1735,173,1735
270030501092,1046,1124,96,1124
270030501093,1057,1128,161,1128
270030501094,1218,1293,144,1293
270030501101,1292,1306,108,1306
270030501102,1203,1347,130,1347
270030501111,1519,1553,102,1553
270030501112,1690,1800,248,1800
270030501113,447,447,63,447
270030502081,1291,1621,299,1621
270030502082,1334,1730,18,1730
270030502101,1053,1122,120,1122
270030502102,1017,1150,135,1150
270030502103,883,883,215,883
270030502104,707,854,148,854
270030502191,1245,1292,191,1292
270030502192,1352,1661,219,1661
270030502201,2064,2238,110,2238
270030502202,1369,1645,270,1645
270030502203,1153,1260,267,1260
270030502204,1535,1926,87,1926
270030502211,1870,2055,316,2055
270030502212,1195,1279,132,1279
270030502213,3781,3941,201,3941
270030502221,1192,1328,52,1328
270030502222,962,1052,115,1052
270030502223,1175,1330,58,1330
270030502224,1488,1733,220,1733
270030502231,2673,2874,343,2874
270030502241,780,802,100,802
270030502242,2205,2362,195,2362
270030502251,3543,3887,294,3887
270030502252,2749,3000,376,3000
270030502261,2866,3132,304,3132
270030502271,1027,1256,95,1256
270030502272,3071,3366,257,3366
270030502281,1814,2001,253,2001
270030502282,2662,3173,211,3173
270030502291,2424,3201,144,3201
270030502292,2147,2273,239,2273
270030502301,2082,2350,141,2350
270030502321,1581,1847,234,1847
270030502322,1939,2096,97,2096
270030502331,1100,1108,88,1108
270030502332,2030,2125,175,2125
270030502361,2446,2702,145,2702
270030502362,1537,1652,84,1652
270030502371,3232,3401,352,3401
270030502372,1974,2138,215,2138
270030504011,1341,1476,189,1476
270030504012,920,1168,91,1168
270030504021,796,945,184,945
270030504022,1461,1574,354,1574
270030504023,898,1029,243,1029
270030505011,687,823,303,823
270030505012,826,1164,145,1164
270030505013,756,831,184,831
270030505014,479,587,117,587
270030505041,1005,1262,210,1262
270030505042,1263,1381,161,1381
270030505051,1253,1364,165,1364
270030505052,585,668,164,668
270030505053,984,1392,328,1392
270030505054,1196,1710,196,1710
270030506021,930,1171,130,1171
270030506022,1093,1403,215,1403
270030506051,1179,1334,239,1334
270030506052,1409,1546,244,1546
270030506053,1302,1398,198,1398
270030506054,1562,1943,297,1943
270030506061,882,1074,286,1074
270030506062,733,764,106,764
270030506071,838,946,165,946
270030506072,1404,1827,154,1827
270030506073,725,832,151,832
270030506074,717,1017,223,1017
270030506081,1443,1766,216,1766
270030506082,878,1072,76,1072
270030506083,1167,1730,112,1730
270030506091,907,966,128,966
270030506092,832,894,211,894
270030506093,1458,1505,238,1505
270030506101,1170,1253,363,1253
270030506102,849,1323,94,1323
270030506103,1305,1694,180,1694
270030506104,2035,2251,341,2251
270030507021,1926,2181,324,2181
270030507022,729,1002,110,1002
270030507041,890,1004,44,1004
270030507042,1143,1261,193,1261
270030507043,723,865,142,865
270030507044,605,704,117,704
270030507045,689,902,142,902
270030507061,1008,1082,270,1082
270030507062,606,769,105,769
270030507063,787,1432,107,1432
270030507071,2497,2748,630,2748
270030507072,1641,1681,174,1681
270030507073,1396,1753,216,1753
270030507091,1013,1363,246,1363
270030507092,831,1051,207,1051
270030507101,564,896,93,896
270030507102,816,992,184,992
270030507103,677,714,113,714
270030507104,861,1017,203,1017
270030507111,558,616,48,616
270030507112,842,892,17,892
270030507113,813,1088,259,1088
270030507114,823,1155,144,1155
270030507115,1076,1170,157,1170
270030507121,922,1224,50,1224
270030507122,676,759,106,759
270030507123,672,907,110,907
270030507124,1120,1405,316,1405
270030508051,1995,2804,187,2804
270030508052,763,1114,220,1114
270030508053,1622,1979,255,1979
270030508054,713,1022,48,1022
270030508061,1729,2457,139,2457
270030508062,439,515,99,515
270030508063,1428,1515,191,1515
270030508064,1751,2176,215,2176
270030508071,482,582,40,582
270030508072,729,967,131,967
270030508073,637,869,185,869
270030508074,813,982,145,982
270030508081,531,581,115,581
270030508082,1321,1531,350,1531
270030508091,1620,2045,338,2045
270030508092,869,1559,172,1559
270030508093,1947,2688,108,2688
270030508101,747,1003,84,1003
270030508102,688,965,263,965
270030508103,1104,1413,234,1413
270030508104,613,857,89,857
270030508111,883,1176,211,1176
270030508112,795,859,175,859
270030508113,803,822,133,822
270030508131,942,1436,112,1436
270030508132,2466,2983,193,2983
270030508133,435,448,74,448
270030508134,655,803,42,803
270030508135,1033,1100,218,1100
270030508161,1660,2009,296,2009
270030508162,665,868,79,868
270030508163,1078,1438,30,1438
270030508164,875,875,133,875
270030508181,1005,1182,36,1182
270030508182,1125,1349,203,1349
270030508183,2697,3233,271,3233
270030508191,1676,1892,98,1892
270030508192,2178,2537,435,2537
270030508201,2101,2324,256,2324
270030508202,620,796,63,796
270030508211,1031,1545,45,1545
270030508212,1256,1405,255,1405
270030508213,1245,1749,225,1749
270030509011,941,1240,123,1240
270030509012,621,698,61,698
270030509021,718,863,60,863
270030509022,625,833,118,833
270030509023,2015,2471,252,2471
270030509024,775,800,258,800
270030510011,1256,1743,255,1743
270030510012,821,932,267,932
270030510021,694,745,171,745
270030510022,1009,1275,272,1275
270030510023,1077,1598,210,1598
270030511011,763,1450,201,1450
270030511012,987,1156,133,1156
270030511013,689,717,91,717
270030511014,641,721,105,721
270030511015,459,710,164,710
270030511021,1756,3303,337,3303
270030511022,486,639,189,639
270030511023,625,829,210,829
270030511031,820,972,211,972
270030511032,735,990,123,990
270030511033,438,1570,91,1570
270030512011,440,813,114,813
270030512012,549,1027,64,1027
270030512013,954,1640,256,1640
270030512021,704,863,105,863
270030512022,777,1237,113,1237
270030512023,720,1067,212,1067
270030512031,1966,2789,415,2789
270030512032,779,1643,315,1643
270030512033,780,1062,250,1062
270030512061,1078,1421,210,1421
270030512062,582,954,129,954
270030513021,622,728,156,728
270030513022,1222,2094,440,2094
270030513023,828,1294,261,1294
270030513041,718,1022,129,1022
270030513042,806,1408,168,1408
270030513051,901,1273,135,1273
270030513052,483,1037,147,1037
270030513053,355,886,79,886
270030514001,855,984,102,984
270030514002,396,1334,168,1334
270030514003,425,481,70,481
270030514004,1117,2098,111,2098
270030515011,1017,2089,410,2089
270030515012,509,928,53,928
270030515021,621,869,101,869
270030515022,990,1425,416,1425
270030515023,423,759,49,759
270190903011,1323,1386,162,1386
270190903012,1843,1886,513,1886
270190903013,3625,3782,648,3782
270190903021,4970,5325,290,5325
270190904011,2701,2967,253,2967
270190904012,2832,3029,375,3029
270190904021,1389,1443,196,1443
270190904022,4239,4390,315,4390
270190905011,2237,2441,252,2441
270190905021,2660,3141,125,3141
270190905031,914,986,102,986
270190905032,1493,1586,149,1586
270190906011,1240,1495,220,1495
270190906012,2667,2758,387,2758
270190906021,1308,1463,132,1463
270190906022,1465,1484,102,1484
270190907011,2880,3615,347,3615
270190907012,1649,1948,381,1948
270190907013,1231,1269,140,1269
270190907021,1740,2152,159,2152
270190907022,722,770,55,770
270190908001,2056,2216,222,2216
270190908002,1720,2122,310,2122
270190908003,1848,2042,83,2042
270190908004,926,957,128,957
270190908005,1276,1476,95,1476
270190909001,1025,1056,120,1056
270190909002,891,1020,137,1020
270190909003,1232,1314,43,1314
270190909004,1742,1941,94,1941
270190910001,529,643,46,643
270190910002,1239,2034,385,2034
270190910003,1895,3029,267,3029
270190910004,4358,5196,301,5196
270190911001,4333,5025,304,5025
270190911002,1510,1525,224,1525
270370601011,495,750,62,750
270370601012,596,1161,74,1161
270370601013,608,905,72,905
270370601014,568,858,157,858
270370601021,606,860,106,860
270370601022,604,795,82,795
270370601023,778,918,85,918
270370601031,988,1125,136,1125
270370601032,1117,1381,263,1381
270370601041,916,1477,244,1477
270370601042,1159,1545,288,1545
270370601043,606,1671,205,1671
270370601044,950,1124,422,1124
270370601051,601,1372,174,1372
270370601052,1136,2006,404,2006
270370601053,918,1802,365,1802
270370602011,711,1025,155,1025
270370602012,513,785,95,785
270370602013,870,969,177,969
270370602021,419,643,48,643
270370602022,1504,1813,327,1813
270370602023,860,941,163,941
270370603011,642,1123,236,1123
270370603012,524,639,41,639
270370603013,591,837,14,837
270370603014,1253,1763,126,1763
270370603021,588,748,107,748
270370603022,1849,2306,207,2306
270370603023,589,662,114,662
270370604011,867,1111,111,1111
270370604012,1056,1331,149,1331
270370604021,526,840,96,840
270370604022,821,1170,127,1170
270370604023,562,740,112,740
270370604024,273,603,53,603
270370605021,735,854,108,854
270370605022,865,1638,210,1638
270370605023,693,1188,109,1188
270370605024,644,698,134,698
270370605031,572,881,74,881
270370605032,1274,1557,279,1557
270370605033,825,1043,184,1043
270370605034,1181,1440,153,1440
270370605051,604,870,98,870
270370605052,492,520,123,520
270370605053,850,1577,31,1577
270370605054,1413,1472,465,1472
270370605055,854,1647,42,1647
270370605061,1851,2741,278,2741
270370605062,2415,2460,798,2460
270370605071,1009,1207,169,1207
270370605072,2116,2412,450,2412
270370605081,1194,1280,152,1280
270370605082,1533,2356,241,2356
270370605083,1523,1633,74,1633
270370605084,688,718,140,718
270370605091,1057,1604,239,1604
270370605092,1580,1894,364,1894
270370605093,1525,2037,397,2037
270370606031,1030,1200,182,1200
270370606032,1114,1219,316,1219
270370606033,938,964,364,964
270370606034,1107,1244,284,1244
270370606041,1165,1298,433,1298
270370606042,1970,2088,552,2088
270370606051,1363,1615,258,1615
270370606061,1371,1568,345,1568
270370606062,1156,1191,221,1191
270370607091,560,1013,41,1013
270370607092,1926,2112,373,2112
270370607093,1416,2492,195,2492
270370607101,1350,1752,331,1752
270370607102,1372,2251,147,2251
270370607111,1992,2467,392,2467
270370607112,1633,2426,676,2426
270370607131,728,810,265,810
270370607132,1949,2194,345,2194
270370607141,2095,2540,374,2540
270370607142,1622,2159,272,2159
270370607161,979,1910,113,1910
270370607162,1701,1940,236,1940
270370607171,630,1114,60,1114
270370607172,967,1137,86,1137
270370607211,771,1248,76,1248
270370607212,1048,1464,180,1464
270370607251,836,957,242,957
270370607252,753,897,126,897
270370607253,1192,1957,120,1957
270370607261,487,609,115,609
270370607262,1249,2072,267,2072
270370607271,1151,1712,231,1712
270370607272,1201,1330,261,1330
270370607281,2063,2478,299,2478
270370607282,1758,2406,147,2406
270370607291,1419,1594,210,1594
270370607292,1852,2284,424,2284
270370607301,2170,2471,159,2471
270370607302,1528,1818,54,1818
270370607303,1388,1555,52,1555
270370607311,1704,1885,176,1885
270370607312,897,1075,187,1075
270370607313,1176,1313,175,1313
270370607321,1227,1433,55,1433
270370607322,2212,2749,181,2749
270370607323,1148,1234,51,1234
270370607331,1320,1565,193,1565
270370607332,1018,1404,161,1404
270370607333,1062,1205,206,1205
270370607341,1532,1725,186,1725
270370607342,2027,2835,267,2835
270370607351,1117,1886,331,1886
270370607352,1009,1219,255,1219
270370607353,795,1148,47,1148
270370607354,440,988,41,988
270370607371,1783,2940,438,2940
270370607372,1592,1911,577,1911
270370607381,1478,1926,261,1926
270370607382,844,1407,224,1407
270370607391,769,1530,262,1530
270370607392,1220,1537,105,1537
270370607393,1211,2488,93,2488
270370607411,1426,2686,281,2686
270370607412,646,958,173,958
270370607413,689,1591,188,1591
270370607414,1617,1920,199,1920
270370607421,1336,1521,314,1521
270370607422,913,941,100,941
270370607423,583,888,208,888
270370607431,789,1734,78,1734
270370607441,1133,1564,184,1564
270370607451,1168,1706,193,1706
270370607452,1495,2754,419,2754
270370607461,869,1172,47,1172
270370607462,1950,2311,451,2311
270370607471,1388,1771,195,1771
270370607472,1203,1701,377,1701
270370607481,1882,2601,336,2601
270370607482,452,826,33,826
270370607491,1093,1572,298,1572
270370607501,1300,1765,275,1765
270370607502,708,1212,187,1212
270370607503,1050,1638,237,1638
270370608051,1026,1478,67,1478
270370608052,542,1733,67,1733
270370608061,1436,1646,309,1646
270370608062,2139,2398,247,2398
270370608063,1410,1836,541,1836
270370608111,1564,1751,344,1751
270370608112,973,1246,78,1246
270370608113,1775,2235,548,2235
270370608121,1154,1395,148,1395
270370608122,1721,2475,322,2475
270370608123,1583,2053,249,2053
270370608131,1578,1647,304,1647
270370608132,2410,2879,517,2879
270370608141,1652,2055,170,2055
270370608142,2408,2859,228,2859
270370608143,1328,1477,220,1477
270370608151,1759,2005,274,2005
270370608152,2891,3174,363,3174
270370608161,2254,2694,136,2694
270370608162,1874,2179,74,2179
270370608163,1090,1183,105,1183
270370608171,1393,1438,206,1438
270370608172,1441,1645,134,1645
270370608173,2142,2587,269,2587
270370608174,2585,3398,79,3398
270370608181,2316,2620,304,2620
270370608182,3349,4185,73,4185
270370608183,780,837,0,837
270370608191,1490,1692,71,1692
270370608192,2735,3092,68,3092
270370608193,1409,1949,133,1949
270370608201,2290,2603,353,2603
270370608202,1878,1878,63,1878
270370608203,3432,3570,175,3570
270370608211,3698,4291,715,4291
270370608212,739,847,32,847
270370608213,1734,2272,185,2272
270370608221,1268,1352,189,1352
270370608231,2076,2768,235,2768
270370608232,985,1066,197,1066
270370608241,1300,1604,378,1604
270370608242,1356,2055,426,2055
270370608251,2647,2769,355,2769
270370608252,2098,2185,210,2185
270370608253,1628,1989,290,1989
270370608261,2641,2992,542,2992
270370608262,1271,1694,150,1694
270370608263,2364,2958,300,2958
270370608281,2944,4252,375,4252
270370608291,2366,3179,270,3179
270370609021,4714,4946,505,4946
270370609041,483,490,128,490
270370609042,1045,1381,200,1381
270370609043,1416,1546,138,1546
270370609051,4755,5502,292,5502
270370609061,2836,3266,292,3266
270370609071,5176,5831,96,5831
270370609072,1413,1608,96,1608
270370610031,1458,1578,258,1578
270370610041,2354,2621,194,2621
270370610042,2958,3590,340,3590
270370610051,1566,1921,206,1921
270370610052,520,666,41,666
270370610071,2629,2979,354,2979
270370610072,1465,1705,146,1705
270370610081,1169,1431,219,1431
270370610082,451,751,52,751
270370610091,2624,3191,143,3191
270370610092,2303,3041,309,3041
270370611021,830,879,107,879
270370611022,1535,1959,364,1959
270370611023,2043,2059,430,2059
270370611051,784,924,121,924
270370611052,1357,1425,246,1425
270370611061,1391,1503,245,1503
270370611062,1463,1503,366,1503
270370611071,1809,1939,268,1939
270370611072,4364,4619,869,4619
270370611081,1043,1063,90,1063
270370611082,1777,1835,263,1835
270370611083,2924,3400,340,3400
270530001011,374,1024,76,1024
270530001012,240,721,79,721
270530001013,285,594,86,594
270530001014,329,798,79,798
270530001021,588,1226,148,1226
270530001022,546,1257,137,1257
270530001023,406,980,139,980
270530001024,324,893,41,893
270530001025,298,966,47,966
270530003001,744,959,71,959
270530003002,485,845,125,845
270530003003,496,830,55,830
270530003004,478,498,30,498
270530006011,1081,1442,201,1442
270530006012,960,1146,80,1146
270530006013,1009,1866,77,1866
270530006014,571,644,98,644
270530006031,579,641,33,641
270530006032,609,742,91,742
270530006033,845,916,100,916
270530006034,506,528,84,528
270530011001,548,923,59,923
270530011002,879,1155,56,1155
270530017001,597,726,66,726
270530017002,804,1684,58,1684
270530022001,79,897,51,897
270530022002,118,609,38,609
270530024001,661,849,64,849
270530024002,1074,1518,173,1518
270530027001,246,1285,114,1285
270530027002,324,1506,164,1506
270530032001,233,768,75,768
270530032002,266,984,114,984
270530033001,82,1058,52,1058
270530033002,48,1427,67,1427
270530038001,1144,1319,16,1319
270530038002,2004,2555,45,2555
270530038003,1225,1719,61,1719
270530059011,664,1276,173,1276
270530059012,903,1803,493,1803
270530059021,636,1846,47,1846
270530059022,234,1504,43,1504
270530068001,788,1486,18,1486
270530068002,675,933,119,933
270530068003,1335,1777,51,1777
270530077001,520,1917,24,1917
270530077002,1676,2169,26,2169
270530078011,277,960,22,960
270530078012,181,1033,24,1033
270530081001,667,782,96,782
270530081002,628,697,90,697
270530081003,618,700,35,700
270530081004,977,1134,19,1134
270530082001,223,1827,344,1827
270530082002,637,1205,49,1205
270530082003,514,744,17,744
270530082004,326,727,82,727
270530083001,256,1714,63,1714
270530083002,310,505,13,505
270530084001,244,1004,18,1004
270530084002,428,1937,98,1937
270530085001,319,1367,51,1367
270530085002,394,890,15,890
270530085003,451,530,88,530
270530085004,411,1303,0,1303
270530085005,489,1168,82,1168
270530095001,278,1210,132,1210
270530095002,211,633,43,633
270530095003,748,1081,91,1081
270530096001,493,837,49,837
270530096002,518,996,68,996
270530096003,730,914,9,914
270530096004,521,725,31,725
270530106001,559,796,159,796
270530106002,1076,1173,113,1173
270530106003,865,962,92,962
270530107001,604,677,82,677
270530107002,803,991,140,991
270530107003,747,856,81,856
270530110001,502,883,44,883
270530110002,533,702,122,702
270530110003,791,834,68,834
270530110004,1137,1243,146,1243
270530117031,665,773,48,773
270530117032,680,748,94,748
270530117033,827,1082,113,1082
270530117034,702,834,57,834
270530117035,804,903,159,903
270530117041,899,1040,78,1040
270530117042,713,750,94,750
270530117043,1077,1427,142,1427
270530118001,847,1000,128,1000
270530118002,857,970,130,970
270530118003,618,660,120,660
270530118004,789,1166,44,1166
270530118005,969,1096,128,1096
270530119981,543,858,136,858
270530119982,535,601,114,601
270530119983,1129,1450,218,1450
270530119984,493,730,262,730
270530119985,512,560,57,560
270530120011,630,719,68,719
270530120012,565,999,137,999
270530120013,626,639,98,639
270530120014,943,1003,113,1003
270530120015,538,629,74,629
270530120016,755,796,117,796
270530120017,466,937,115,937
270530120031,280,502,130,502
270530120032,788,1272,25,1272
270530120033,1241,1311,294,1311
270530120034,168,767,2,767
270530120035,152,891,0,891
270530120036,586,799,62,799
270530121011,771,944,71,944
270530121012,294,1008,12,1008
270530121013,682,1036,77,1036
270530121021,602,649,129,649
270530121022,401,588,39,588
270530121023,439,462,62,462
270530121024,778,1140,94,1140
270530201011,1128,1326,199,1326
270530201012,915,1015,183,1015
270530201013,733,938,204,938
270530201021,859,897,130,897
270530201022,1000,1384,406,1384
270530202001,393,1070,112,1070
270530202002,382,841,55,841
270530202003,443,1856,199,1856
270530202004,382,643,80,643
270530202005,350,1065,144,1065
270530202006,190,757,30,757
270530202007,372,1564,119,1564
270530203011,575,1126,157,1126
270530203012,513,1523,143,1523
270530203021,466,1634,139,1634
270530203022,469,845,174,845
270530203031,341,843,87,843
270530203032,471,1524,198,1524
270530203033,634,1172,150,1172
270530203041,434,1755,176,1755
270530203042,267,766,106,766
270530203043,452,965,74,965
270530204001,242,583,70,583
270530204002,880,1536,140,1536
270530204003,787,1720,204,1720
270530204004,599,1257,224,1257
270530205001,707,1117,111,1117
270530205002,435,1183,128,1183
270530205003,662,1303,133,1303
270530206001,657,1310,276,1310
270530206002,427,927,84,927
270530207001,723,1088,154,1088
270530207002,570,1052,107,1052
270530207003,977,1078,124,1078
270530207004,880,1048,207,1048
270530208011,660,1072,110,1072
270530208012,702,932,140,932
270530208041,213,1244,147,1244
270530208042,833,1022,79,1022
270530208043,599,867,168,867
270530209021,1073,1227,134,1227
270530209022,845,992,204,992
270530209031,928,1167,210,1167
270530209032,482,610,63,610
270530209033,1164,1352,195,1352
270530210011,932,1822,152,1822
270530210012,851,1067,89,1067
270530210013,609,656,70,656
270530210014,729,1074,100,1074
270530210015,1242,1464,324,1464
270530210021,1520,1912,407,1912
270530211001,428,597,77,597
270530211002,1094,1375,138,1375
270530212001,582,783,92,783
270530212002,877,1130,166,1130
270530212003,976,1127,88,1127
270530212004,658,787,90,787
270530212005,464,801,82,801
270530213001,1157,1721,475,1721
270530213002,691,950,251,950
270530213003,591,998,63,998
270530213004,778,946,73,946
270530214001,879,1066,83,1066
270530214002,819,1008,130,1008
270530214003,619,1157,60,1157
270530215011,939,1455,333,1455
270530215012,1107,1352,234,1352
270530215013,1068,1430,596,1430
270530215021,748,1847,88,1847
270530215022,647,734,427,734
270530215023,412,1245,148,1245
270530215031,725,1277,268,1277
270530215032,822,1254,147,1254
270530215033,881,975,196,975
270530215034,534,1439,162,1439
270530215041,474,839,85,839
270530215042,751,1049,117,1049
270530215043,654,820,180,820
270530215044,698,851,242,851
270530215051,914,1342,229,1342
270530215052,1352,1785,208,1785
270530215053,487,699,170,699
270530215054,474,680,136,680
270530216011,946,1093,229,1093
270530216012,1351,1957,358,1957
270530216013,946,1143,227,1143
270530216021,1189,1336,483,1336
270530216022,1298,1355,390,1355
270530216023,847,998,170,998
270530216024,777,1005,146,1005
270530216025,231,680,62,680
270530216026,717,950,127,950
270530217001,617,689,158,689
270530217002,625,649,147,649
270530217003,957,1156,192,1156
270530217004,925,1217,243,1217
270530217005,1048,1187,97,1187
270530218001,762,902,256,902
270530218002,1206,1414,241,1414
270530219001,1045,1204,306,1204
270530219002,578,812,167,812
270530219003,1304,1461,240,1461
270530220001,813,1038,74,1038
270530220002,557,620,71,620
270530221011,883,1094,160,1094
270530221012,996,1623,93,1623
270530221021,1004,1440,190,1440
270530221022,1064,1387,225,1387
270530222001,631,648,190,648
270530222002,1806,2069,122,2069
270530222003,696,759,103,759
270530222004,1051,1105,130,1105
270530223011,885,1039,129,1039
270530223012,1151,1226,548,1226
270530223021,773,1307,53,1307
270530223022,809,876,419,876
270530223023,850,1104,88,1104
270530224001,570,600,107,600
270530224002,469,521,53,521
270530224003,921,1033,120,1033
270530224004,832,1652,301,1652
270530227001,1648,2544,173,2544
270530227002,882,944,108,944
270530227003,683,882,72,882
270530228011,1097,1240,203,1240
270530228012,772,819,146,819
270530228021,1695,2094,366,2094
270530228022,1146,1343,124,1343
270530229011,1086,1254,173,1254
270530229012,939,979,160,979
270530229013,1426,1694,534,1694
270530229014,936,953,61,953
270530229021,562,597,91,597
270530229022,942,1043,107,1043
270530230001,1804,2054,272,2054
270530230002,425,1172,13,1172
270530230003,1435,1526,129,1526
270530231001,1046,1190,116,1190
270530231002,648,680,99,680
270530232001,633,965,102,965
270530232002,815,967,375,967
270530232003,676,1720,131,1720
270530232004,280,758,42,758
270530232005,216,1546,40,1546
270530233001,965,1204,96,1204
270530233002,886,2213,382,2213
270530233003,945,1132,94,1132
270530233004,1070,1323,206,1323
270530234001,382,1857,91,1857
270530234002,446,469,140,469
270530234003,765,1261,108,1261
270530234004,990,1152,224,1152
270530234005,955,1650,351,1650
270530235011,1337,1523,455,1523
270530235012,1138,1244,298,1244
270530235013,756,969,102,969
270530235021,614,693,61,693
270530235022,856,936,252,936
270530235023,1609,1672,209,1672
270530235024,967,999,231,999
270530235025,1048,1177,445,1177
270530236001,1248,1356,346,1356
270530236002,1005,1050,138,1050
270530236003,1298,1419,111,1419
270530237001,1231,1349,319,1349
270530237002,784,862,125,862
270530237003,919,1089,186,1089
270530237004,1318,1407,354,1407
270530238011,960,1053,134,1053
270530238012,897,1066,74,1066
270530238013,1091,1208,222,1208
270530238014,873,950,107,950
270530238015,1086,1131,90,1131
270530238021,957,1082,123,1082
270530238022,659,1067,169,1067
270530238023,620,713,102,713
270530239011,1209,1291,222,1291
270530239012,789,822,161,822
270530239013,1422,1504,215,1504
270530239021,777,920,176,920
270530239022,957,1224,256,1224
270530239031,775,946,165,946
270530239032,793,1077,268,1077
270530239033,1104,1216,596,1216
270530240031,1545,1708,341,1708
270530240032,1079,2354,191,2354
270530240033,545,1033,96,1033
270530240041,1104,1192,618,1192
270530240042,1025,1829,725,1829
270530240043,1008,1329,544,1329
270530240051,814,1142,241,1142
270530240052,969,1107,499,1107
270530240061,1041,1104,195,1104
270530240062,764,920,271,920
270530241001,1092,1438,231,1438
270530241002,717,1020,143,1020
270530241003,581,1007,163,1007
270530242001,796,846,104,846
270530242002,700,743,117,743
270530242003,1081,1415,144,1415
270530243001,431,988,18,988
270530243002,79,519,65,519
270530243003,958,1812,70,1812
270530243004,773,1160,206,1160
270530244001,1087,1568,223,1568
270530244002,2081,2408,1436,2408
270530245001,480,725,186,725
270530245002,728,867,122,867
270530245003,527,657,122,657
270530246001,730,1014,145,1014
270530246002,870,1481,222,1481
270530246003,1118,1564,194,1564
270530247001,729,1037,207,1037
270530247002,722,1022,169,1022
270530247003,718,1182,73,1182
270530248011,638,1195,108,1195
270530248012,567,1188,177,1188
270530248021,358,732,122,732
270530248022,339,1353,208,1353
270530248023,582,703,90,703
270530249011,376,704,94,704
270530249012,224,353,16,353
270530249021,622,1571,92,1571
270530249022,795,1198,156,1198
270530249031,460,1279,116,1279
270530249032,477,1244,179,1244
270530251001,511,913,171,913
270530251002,382,1145,26,1145
270530251003,643,705,196,705
270530252011,872,1462,187,1462
270530252012,744,1877,183,1877
270530252013,364,1970,38,1970
270530252051,489,770,78,770
270530252052,645,812,174,812
270530252053,1088,1371,233,1371
270530252054,743,1197,60,1197
270530252055,398,856,139,856
270530253011,821,1049,155,1049
270530253012,919,1021,331,1021
270530253013,779,817,224,817
270530253021,1102,1476,326,1476
270530253022,989,1354,127,1354
270530253023,1042,1483,321,1483
270530254011,789,1473,170,1473
270530254012,807,1455,204,1455
270530254013,496,1314,227,1314
270530254031,639,1511,151,1511
270530254032,942,1527,144,1527
270530254033,838,1335,228,1335
270530256011,902,1287,361,1287
270530256012,990,1091,197,1091
270530256031,590,966,185,966
270530256032,1039,1131,218,1131
270530256033,857,892,220,892
270530256034,762,923,201,923
270530256051,751,942,198,942
270530256052,681,881,216,881
270530256053,824,1004,169,1004
270530256054,472,716,97,716
270530257011,883,1347,135,1347
270530257012,993,1025,172,1025
270530257013,845,1007,209,1007
270530257014,513,513,205,513
270530257015,996,1342,63,1342
270530257016,1397,1674,380,1674
270530257021,690,794,69,794
270530257022,332,434,97,434
270530257023,708,1019,248,1019
270530257024,728,1092,211,1092
270530257025,715,1188,438,1188
270530258011,712,873,316,873
270530258012,755,1378,58,1378
270530258013,820,870,188,870
270530258021,1040,1273,271,1273
270530258022,948,1002,177,1002
270530258031,493,690,125,690
270530258032,1014,1340,222,1340
270530258033,729,1026,233,1026
270530258051,1072,1296,487,1296
270530258052,658,767,221,767
270530258053,567,621,118,621
270530259031,1031,1334,301,1334
270530259032,717,876,274,876
270530259033,1140,1459,282,1459
270530259034,1014,1235,260,1235
270530259035,974,1053,314,1053
270530259051,863,971,271,971
270530259052,1127,1274,358,1274
270530259053,428,547,182,547
270530259054,760,787,529,787
270530259061,968,1701,121,1701
270530259062,1069,1105,103,1105
270530259063,1246,1706,242,1706
270530259064,1353,1613,385,1613
270530259071,936,1055,155,1055
270530259072,1322,1477,378,1477
270530259073,1202,1339,253,1339
270530259074,740,887,206,887
270530260051,542,851,129,851
270530260052,1543,1788,190,1788
270530260053,916,1207,128,1207
270530260061,651,687,156,687
270530260062,492,691,95,691
270530260063,1271,1599,236,1599
270530260071,1934,2464,424,2464
270530260072,930,1050,140,1050
270530260073,829,1419,86,1419
270530260131,846,900,113,900
270530260132,1200,1537,136,1537
270530260133,1130,1171,146,1171
270530260134,1026,1157,93,1157
270530260141,1370,1495,118,1495
270530260142,1545,1853,135,1853
270530260143,1690,1893,365,1893
270530260151,1646,1750,214,1750
270530260152,1311,1626,186,1626
270530260153,1456,1850,251,1850
270530260161,1771,1955,286,1955
270530260162,2067,2579,385,2579
270530260163,1965,2474,326,2474
270530260181,1843,3075,161,3075
270530260182,2040,2373,467,2373
270530260183,1709,1837,225,1837
270530260191,607,1196,95,1196
270530260192,1828,4065,99,4065
270530260193,80,869,28,869
270530260201,1503,1645,582,1645
270530260202,832,1303,308,1303
270530260203,973,2017,251,2017
270530260211,1252,1409,84,1409
270530260212,2513,2857,349,2857
270530260221,3186,4295,286,4295
270530260222,963,1153,92,1153
270530260223,1323,1570,130,1570
270530261011,1194,1467,334,1467
270530261012,1018,1068,260,1068
270530261013,742,807,95,807
270530261031,818,1012,208,1012
270530261032,1476,1776,368,1776
270530261041,1159,1304,269,1304
270530261042,980,1751,315,1751
270530261043,941,1116,199,1116
270530262011,1157,1200,267,1200
270530262012,1937,2077,296,2077
270530262021,1037,1087,263,1087
270530262022,1418,1746,284,1746
270530262051,681,761,179,761
270530262052,1027,1116,118,1116
270530262053,1214,1304,154,1304
270530262061,1007,1185,193,1185
270530262062,1396,1474,679,1474
270530262063,860,897,90,897
270530262071,1536,1890,391,1890
270530262072,1914,2070,294,2070
270530262081,1004,1261,145,1261
270530262082,729,780,186,780
270530262083,1110,1187,229,1187
270530263011,2299,2389,556,2389
270530263012,1031,1181,259,1181
270530263021,660,683,158,683
270530263022,818,871,99,871
270530263023,920,997,181,997
270530263024,682,753,147,753
270530264021,1335,1745,237,1745
270530264022,1646,2627,162,2627
270530264023,576,658,112,658
270530264024,1010,1170,588,1170
270530264031,1221,1924,654,1924
270530264032,1292,1355,199,1355
270530264041,1309,1353,254,1353
270530264042,1973,2186,526,2186
270530264043,1736,1874,344,1874
270530265051,1160,1335,373,1335
270530265052,1941,2391,363,2391
270530265071,2278,2821,452,2821
270530265072,1447,2123,374,2123
270530265081,1137,1252,411,1252
270530265082,1081,1126,282,1126
270530265083,2332,2569,332,2569
270530265091,2129,2482,288,2482
270530265092,1825,2132,256,2132
270530265101,1032,1315,80,1315
270530265102,832,999,199,999
270530265103,1078,1255,314,1255
270530265111,681,1382,7,1382
270530265112,626,1289,52,1289
270530265113,1021,1099,165,1099
270530265121,1154,1183,206,1183
270530265122,577,687,178,687
270530265123,965,1048,212,1048
270530265124,650,898,108,898
270530265125,835,926,281,926
270530265126,513,567,79,567
270530265127,421,794,74,794
270530265141,698,1084,85,1084
270530265142,690,793,23,793
270530265143,777,997,123,997
270530265144,1300,1902,368,1902
270530266051,1673,1955,166,1955
270530266052,1318,1536,537,1536
270530266061,1162,1196,160,1196
270530266062,2010,2304,252,2304
270530266063,1320,1586,267,1586
270530266091,1029,1102,257,1102
270530266092,572,896,95,896
270530266093,796,831,159,831
270530266101,1399,1612,101,1612
270530266102,538,630,170,630
270530266103,1266,1639,462,1639
270530266104,489,665,104,665
270530266111,1250,1283,240,1283
270530266112,845,1127,203,1127
270530266113,620,1102,223,1102
270530266114,1078,1437,123,1437
270530266121,4390,6355,404,6355
270530266122,1136,1282,279,1282
270530266123,1493,1859,220,1859
270530266124,909,987,59,987
270530266131,1457,2565,583,2565
270530266132,3997,6233,496,6233
270530267021,1041,1255,224,1255
270530267022,1370,1425,546,1425
270530267061,1209,1310,317,1310
270530267062,1312,1482,194,1482
270530267063,932,980,103,980
270530267071,1646,1815,120,1815
270530267072,1151,1301,204,1301
270530267073,752,819,29,819
270530267074,869,917,169,917
270530267081,767,876,275,876
270530267082,1732,1771,108,1771
270530267083,965,1200,121,1200
270530267084,836,1038,73,1038
270530267085,836,863,264,863
270530267101,833,853,141,853
270530267102,701,907,81,907
270530267103,824,1058,31,1058
270530267104,3462,4497,707,4497
270530267105,901,1271,131,1271
270530267106,548,548,77,548
270530267111,1607,1846,195,1846
270530267112,1104,1159,165,1159
270530267121,1068,1498,291,1498
270530267122,1488,1728,263,1728
270530267131,1281,1443,101,1443
270530267132,889,1130,199,1130
270530267133,1047,1148,149,1148
270530267134,490,571,163,571
270530267141,5512,6732,767,6732
270530267142,893,961,134,961
270530267143,1932,2302,533,2302
270530267151,1026,1098,50,1098
270530267152,3924,4554,310,4554
270530267153,5919,8324,469,8324
270530267154,1792,1833,113,1833
270530267161,3527,4821,377,4821
270530267162,1345,1392,161,1392
270530267163,1238,1238,98,1238
270530267164,992,1078,158,1078
270530268071,808,1181,333,1181
270530268072,367,906,106,906
270530268073,866,1058,19,1058
270530268074,415,1357,97,1357
270530268075,507,858,92,858
270530268076,314,534,240,534
270530268091,300,3223,93,3223
270530268092,60,299,15,299
270530268093,567,1963,52,1963
270530268101,583,947,159,947
270530268102,315,1499,94,1499
270530268103,406,861,82,861
270530268104,147,703,52,703
270530268105,153,692,83,692
270530268106,165,755,65,755
270530268111,622,1165,173,1165
270530268112,593,1467,114,1467
270530268113,732,1366,166,1366
270530268114,529,1955,181,1955
270530268121,1156,2400,321,2400
270530268122,928,2612,138,2612
270530268123,1498,1985,254,1985
270530268141,317,724,105,724
270530268142,654,1130,131,1130
270530268143,407,2596,112,2596
270530268144,497,1191,46,1191
270530268145,668,937,193,937
270530268151,832,1675,127,1675
270530268152,429,1215,89,1215
270530268153,568,1685,167,1685
270530268154,600,878,88,878
270530268161,391,1078,120,1078
270530268162,620,1202,169,1202
270530268163,397,1565,225,1565
270530268164,839,1576,110,1576
270530268165,457,1244,128,1244
270530268181,711,1385,144,1385
270530268182,523,1132,103,1132
270530268183,274,1287,150,1287
270530268184,219,1195,172,1195
270530268191,327,2103,41,2103
270530268192,588,2650,222,2650
270530268201,733,1149,182,1149
270530268202,889,1965,124,1965
270530268203,2246,3680,226,3680
270530268204,3622,5249,401,5249
270530268221,879,1184,137,1184
270530268222,1320,1932,361,1932
270530268223,1046,1460,429,1460
270530268231,1069,1233,358,1233
270530268232,1052,2144,164,2144
270530268233,631,1232,78,1232
270530269031,540,799,193,799
270530269032,1076,1356,145,1356
270530269033,1804,2390,242,2390
270530269061,1313,1566,181,1566
270530269062,1690,2192,199,2192
270530269063,1677,1956,225,1956
270530269064,1898,2259,137,2259
270530269071,3609,4165,325,4165
270530269072,1267,1407,235,1407
270530269081,1510,1549,65,1549
270530269082,1161,1391,155,1391
270530269083,1720,2199,74,2199
270530269084,980,980,77,980
270530269091,1492,1548,117,1548
270530269092,5796,6514,794,6514
270530269093,4881,5154,494,5154
270530269101,2279,2292,254,2292
270530269102,2057,2946,332,2946
270530270021,1936,2096,382,2096
270530270022,1002,1137,150,1137
270530270023,2091,2387,368,2387
270530271011,3523,4018,241,4018
270530271012,1588,1788,281,1788
270530271013,808,808,164,808
270530271021,1052,1122,104,1122
270530271022,1643,2127,241,2127
270530271023,1134,1194,182,1194
270530271024,1221,1228,139,1228
270530272011,591,646,117,646
270530272012,898,907,102,907
270530272013,1555,1687,316,1687
270530272014,1156,1178,212,1178
270530272015,727,764,247,764
270530272016,1126,1287,235,1287
270530272021,621,633,77,633
270530272022,1060,1094,174,1094
270530272031,1069,1094,201,1094
270530272032,1243,1271,169,1271
270530272033,1395,1467,587,1467
270530273001,1383,1473,454,1473
270530273002,673,673,291,673
270530273003,849,881,382,881
270530273004,1137,1440,230,1440
270530274001,624,658,150,658
270530274002,1873,1899,206,1899
270530274003,1048,1128,161,1128
270530274004,555,610,135,610
270530275011,1426,1727,316,1727
270530275012,616,645,115,645
270530275013,1338,1417,210,1417
270530275014,687,735,175,735
270530275031,678,678,99,678
270530275032,1208,1257,196,1257
270530275033,945,1065,85,1065
270530275034,1224,1319,243,1319
270530275041,747,840,152,840
270530275042,1500,1647,175,1647
270530275043,842,868,316,868
270530276011,436,436,94,436
270530276012,889,932,147,932
270530276013,539,645,47,645
270530276014,1637,1768,241,1768
270530276021,742,742,27,742
270530276022,873,925,152,925
270530276023,1537,1592,155,1592
270530276024,861,961,132,961
270530276025,879,892,108,892
270530276026,423,487,100,487
270530277001,1610,1719,406,1719
270530277002,1638,1729,150,1729
270530277003,3590,3896,210,3896
270530277004,1073,1131,136,1131
270530277005,1050,1183,143,1183
270531002001,1029,1451,146,1451
270531002002,493,1041,77,1041
270531002003,402,908,171,908
270531004001,261,1148,25,1148
270531004002,281,795,51,795
270531004003,397,1297,112,1297
270531005001,423,535,64,535
270531005002,1133,1626,242,1626
270531007001,411,1232,48,1232
270531007002,503,713,86,713
270531007003,367,888,29,888
270531007004,102,266,39,266
270531008001,289,756,20,756
270531008002,258,1193,56,1193
270531008003,490,949,63,949
270531008004,236,1203,54,1203
270531009001,146,913,59,913
270531009002,219,1540,41,1540
270531009003,141,1163,27,1163
270531009004,322,800,207,800
270531009005,176,739,68,739
270531012001,853,1014,203,1014
270531012002,873,1226,42,1226
270531012003,1281,1374,237,1374
270531012004,815,1038,79,1038
270531013001,129,1234,17,1234
270531013002,65,726,87,726
270531016001,142,737,55,737
270531016002,124,655,18,655
270531016003,153,892,28,892
270531018001,533,1117,70,1117
270531018002,684,1700,110,1700
270531018003,702,1437,43,1437
270531019001,1026,1101,153,1101
270531019002,400,624,245,624
270531019003,699,917,67,917
270531020001,121,908,33,908
270531020002,326,890,101,890
270531020003,318,791,34,791
270531021001,92,978,30,978
270531021002,162,718,33,718
270531021003,129,954,26,954
270531023001,134,677,49,677
270531023002,162,840,154,840
270531025001,408,550,53,550
270531025002,783,1214,43,1214
270531025003,705,1203,194,1203
270531026001,415,612,46,612
270531026002,726,1260,69,1260
270531028001,224,1304,49,1304
270531028002,291,891,101,891
270531028003,42,1263,226,1263
270531029001,368,1452,98,1452
270531030001,548,885,248,885
270531030002,788,961,118,961
270531031001,1306,2222,168,2222
270531034001,75,1430,52,1430
270531034002,82,902,34,902
270531034003,255,804,140,804
270531036001,582,667,119,667
270531036002,1168,1566,347,1566
270531037001,780,1195,24,1195
270531037002,823,1310,107,1310
270531037003,953,1257,197,1257
270531039001,1211,1605,19,1605
270531039002,1198,1718,17,1718
270531040001,1580,1914,65,1914
270531040002,664,1189,25,1189
270531040003,1124,1606,97,1606
270531040004,220,821,0,821
270531040005,1037,1252,21,1252
270531041001,1174,1846,178,1846
270531041002,389,1714,126,1714
270531044001,519,963,24,963
270531044002,897,1210,57,1210
270531048001,862,1660,144,1660
270531048002,0,715,268,715
270531048003,1031,2467,28,2467
270531048004,75,3388,175,3388
270531048005,1059,1396,73,1396
270531049001,643,2047,24,2047
270531049002,1266,1963,0,1963
270531049003,603,988,84,988
270531049004,3318,4390,0,4390
270531049005,1442,1823,0,1823
270531051001,965,1155,78,1155
270531051002,633,700,89,700
270531051003,802,936,272,936
270531052011,1343,1498,625,1498
270531052012,1100,1493,35,1493
270531052041,336,634,73,634
270531052042,1286,2085,309,2085
270531054001,1227,1919,106,1919
270531054002,847,1598,4,1598
270531055001,1139,1297,291,1297
270531055002,871,956,84,956
270531055003,464,578,67,578
270531055004,858,1003,107,1003
270531056001,538,916,0,916
270531056002,803,1022,32,1022
270531056003,1088,1390,255,1390
270531056004,700,1006,87,1006
270531057001,481,788,35,788
270531057002,541,975,84,975
270531057003,555,1059,30,1059
270531060001,285,1383,38,1383
270531060002,136,1352,190,1352
270531060003,69,532,85,532
270531062001,435,2195,108,2195
270531062002,606,838,103,838
270531062003,331,751,101,751
270531064001,211,841,201,841
270531064002,881,995,201,995
270531065001,967,1140,540,1140
270531065002,1300,1414,102,1414
270531065003,1742,1890,263,1890
270531066001,729,823,57,823
270531066002,798,962,294,962
270531066003,548,653,140,653
270531067001,489,614,16,614
270531067002,1029,1184,36,1184
270531067003,1020,1198,94,1198
270531067004,1081,1216,86,1216
270531069001,553,793,93,793
270531069002,1127,1725,11,1725
270531070001,614,1414,40,1414
270531070002,666,1403,30,1403
270531070003,851,1136,41,1136
270531074001,396,1067,44,1067
270531074002,492,701,108,701
270531075001,1000,1084,124,1084
270531075002,626,784,70,784
270531076001,745,882,205,882
270531076002,982,1010,173,1010
270531076003,474,599,34,599
270531076004,822,1207,121,1207
270531080001,694,851,30,851
270531080002,1052,1156,74,1156
270531080003,760,781,88,781
270531080004,492,584,135,584
270531086001,392,594,47,594
270531086002,249,1467,31,1467
270531086003,350,1056,74,1056
270531087001,487,848,74,848
270531087002,912,1435,83,1435
270531087003,968,1301,306,1301
270531088001,217,504,40,504
270531088002,381,535,63,535
270531088003,672,784,78,784
270531088004,834,1671,187,1671
270531089001,609,839,109,839
270531089002,417,435,51,435
270531089003,814,1047,144,1047
270531090001,751,808,82,808
270531090002,791,883,157,883
270531091001,1135,1357,211,1357
270531091002,595,705,30,705
270531091003,586,586,55,586
270531091004,672,677,135,677
270531091005,495,654,47,654
270531091006,602,650,128,650
270531092001,919,1092,73,1092
270531092002,943,1062,416,1062
270531092003,958,1316,130,1316
270531093001,624,922,83,922
270531093002,831,994,68,994
270531093003,567,678,55,678
270531093004,472,585,38,585
270531093005,413,749,55,749
270531094001,294,1301,53,1301
270531094002,208,884,45,884
270531097001,320,806,37,806
270531097002,567,784,54,784
270531097003,438,866,54,866
270531098001,650,705,103,705
270531098002,946,1162,78,1162
270531098003,683,729,100,729
270531098004,674,780,110,780
270531098005,789,861,105,861
270531099001,431,645,47,645
270531099002,1051,1173,78,1173
270531099003,818,944,72,944
270531099004,876,1008,159,1008
270531100001,332,1179,50,1179
270531100002,382,831,48,831
270531101001,726,1068,75,1068
270531101002,689,945,114,945
270531101003,504,1056,47,1056
270531102001,909,1103,98,1103
270531102002,642,735,131,735
270531102003,635,755,104,755
270531102004,624,875,62,875
270531104001,519,565,88,565
270531104002,795,852,42,852
270531104003,551,772,106,772
270531104004,407,1155,36,1155
270531105001,495,510,16,510
270531105002,1227,1395,301,1395
270531105003,1276,1414,127,1414
270531105004,462,587,300,587
270531105005,767,780,131,780
270531108001,709,793,33,793
270531108002,514,685,46,685
270531108003,689,751,59,751
270531108004,751,849,95,849
270531108005,707,826,42,826
270531108006,415,636,93,636
270531109001,832,1221,182,1221
270531109002,632,929,73,929
270531109003,601,1175,137,1175
270531111001,380,467,73,467
270531111002,840,935,53,935
270531111003,842,1018,172,1018
270531111004,747,903,116,903
270531112001,1308,1336,167,1336
270531112002,798,845,95,845
270531112003,936,1018,96,1018
270531113001,675,717,95,717
270531113002,708,879,187,879
270531113003,894,1030,97,1030
270531113004,852,972,96,972
270531113005,596,671,98,671
270531113006,429,732,15,732
270531114001,964,1045,128,1045
270531114002,673,830,144,830
270531114003,719,753,84,753
270531114004,1307,1463,209,1463
270531115001,1228,1488,113,1488
270531115002,1125,1331,191,1331
270531115003,843,874,182,874
270531115004,928,972,241,972
270531115005,499,696,14,696
270531116001,353,514,58,514
270531116002,1068,1221,101,1221
270531116003,848,926,118,926
270531116004,427,517,113,517
270531225001,577,705,136,705
270531225002,1323,1990,139,1990
270531225003,760,886,83,886
270531226001,1376,1482,197,1482
270531226002,693,782,71,782
270531255001,693,1147,362,1147
270531255002,609,803,91,803
270531255003,1260,1751,229,1751
270531256001,951,1083,180,1083
270531256002,1636,2278,214,2278
270531257001,162,724,55,724
270531257002,120,1484,73,1484
270531257003,406,1554,114,1554
270531258001,408,1156,162,1156
270531258002,578,1613,50,1613
270531258003,534,2494,113,2494
270531259001,248,1099,66,1099
270531259002,81,2196,214,2196
270531259003,188,1586,36,1586
270531260001,209,619,97,619
270531260002,327,1063,264,1063
270531260003,195,1622,198,1622
270531260004,265,2368,207,2368
270531261001,1468,2355,278,2355
270531261002,883,1242,74,1242
270531261003,796,2122,245,2122
270531261004,677,1376,146,1376
270531262001,3105,3489,199,3489
270531262002,1372,2271,39,2271
271230301001,742,858,121,858
271230301002,956,1381,216,1381
271230301003,527,842,82,842
271230301004,764,820,201,820
271230301005,855,1132,156,1132
271230302011,1016,1218,222,1218
271230302012,1125,1559,84,1559
271230302013,947,1113,146,1113
271230302014,1356,1545,518,1545
271230302021,1758,2205,158,2205
271230303001,770,1016,103,1016
271230303002,648,957,103,957
271230303003,647,819,169,819
271230303004,413,742,89,742
271230303005,525,614,75,614
271230303006,783,799,118,799
271230303007,1051,1152,150,1152
271230304001,488,2159,144,2159
271230304002,833,2913,76,2913
271230304003,733,2048,219,2048
271230305001,182,2263,57,2263
271230305002,342,1983,124,1983
271230305003,193,703,141,703
271230305004,280,995,86,995
271230306011,445,3397,79,3397
271230306012,597,2848,173,2848
271230306021,523,842,76,842
271230306022,611,699,62,699
271230306023,527,694,29,694
271230306024,858,1932,126,1932
271230307021,595,1054,69,1054
271230307022,587,1321,155,1321
271230307023,405,773,51,773
271230307024,628,845,64,845
271230307025,581,1368,169,1368
271230307031,682,829,134,829
271230307032,489,1296,120,1296
271230307033,762,2039,160,2039
271230307041,239,913,55,913
271230307042,434,804,52,804
271230307043,692,2716,130,2716
271230308001,356,1482,75,1482
271230308002,612,1450,33,1450
271230308003,384,918,96,918
271230308004,439,1403,135,1403
271230309001,312,990,94,990
271230309002,159,1165,33,1165
271230309003,539,2287,65,2287
271230310001,400,863,42,863
271230310002,290,1178,74,1178
271230310003,254,1091,93,1091
271230310004,99,442,76,442
271230310005,198,815,41,815
271230311001,895,1846,153,1846
271230311002,350,808,60,808
271230311003,674,1288,135,1288
271230312001,592,1450,164,1450
271230312002,376,573,34,573
271230312003,712,910,85,910
271230313001,206,1088,61,1088
271230313002,434,1341,42,1341
271230314001,288,985,53,985
271230314002,364,1940,70,1940
271230315001,189,509,53,509
271230315002,251,1388,82,1388
271230315003,272,1142,25,1142
271230316001,353,1271,89,1271
271230316002,101,1082,64,1082
271230316003,179,597,36,597
271230316004,327,1247,160,1247
271230317011,352,1963,107,1963
271230317012,224,1144,59,1144
271230317021,273,1853,152,1853
271230317022,123,1321,51,1321
271230317023,372,1488,62,1488
271230317024,301,1857,139,1857
271230318011,325,1745,93,1745
271230318012,224,1548,25,1548
271230318013,492,654,99,654
271230318014,478,1196,23,1196
271230318021,603,1108,55,1108
271230318022,723,950,97,950
271230318023,523,1201,73,1201
271230318024,187,1020,52,1020
271230319001,727,1202,93,1202
271230319002,459,698,48,698
271230320001,621,878,45,878
271230320002,767,1503,85,1503
271230320003,668,905,115,905
271230321001,584,1366,70,1366
271230321002,1525,2019,78,2019
271230322001,420,608,137,608
271230322002,574,891,66,891
271230322003,870,975,56,975
271230323001,541,1133,41,1133
271230323002,686,957,31,957
271230323003,415,738,26,738
271230323004,573,662,58,662
271230324001,178,1334,120,1334
271230324002,602,1547,77,1547
271230325001,153,987,68,987
271230325002,215,1057,24,1057
271230325003,507,1266,136,1266
271230325004,279,522,44,522
271230326001,310,1859,131,1859
271230326002,247,1126,63,1126
271230326003,140,759,51,759
271230327001,95,1082,70,1082
271230327002,293,1687,128,1687
271230330001,200,588,74,588
271230330002,356,1341,44,1341
271230331001,208,739,18,739
271230331002,311,874,84,874
271230332001,892,1377,460,1377
271230332002,1097,1778,122,1778
271230333001,1277,1738,30,1738
271230333002,601,808,148,808
271230333003,674,756,46,756
271230334001,404,1347,111,1347
271230334002,716,1018,60,1018
271230334003,459,694,35,694
271230335001,215,1353,73,1353
271230335002,135,851,19,851
271230335003,295,1632,157,1632
271230336001,28,1805,96,1805
271230337001,323,1372,210,1372
271230338001,580,1390,114,1390
271230338002,224,574,83,574
271230339001,697,1560,157,1560
271230340001,842,949,106,949
271230340002,562,743,156,743
271230342011,1601,2296,199,2296
271230342021,1310,1719,188,1719
271230342022,470,1066,232,1066
271230342023,1935,2735,404,2735
271230344001,597,681,53,681
271230344002,379,1480,35,1480
271230345001,441,1136,76,1136
271230345002,549,757,53,757
271230345003,766,2047,71,2047
271230346011,736,1760,331,1760
271230346012,811,1915,146,1915
271230346013,362,1798,224,1798
271230346021,331,984,74,984
271230346022,590,1846,137,1846
271230346023,547,1693,118,1693
271230347011,582,1401,104,1401
271230347012,368,1945,47,1945
271230347013,959,1865,143,1865
271230347021,881,1948,100,1948
271230347022,444,1415,138,1415
271230347023,152,794,34,794
271230349001,1144,1238,35,1238
271230349002,779,855,102,855
271230349003,1256,1428,111,1428
271230350001,1103,1370,45,1370
271230350002,682,712,60,712
271230350003,517,562,79,562
271230351001,2109,2725,230,2725
271230351002,703,888,70,888
271230352001,1186,1342,129,1342
271230352002,947,1077,140,1077
271230352003,887,967,96,967
271230353001,831,1079,127,1079
271230353002,914,1006,77,1006
271230353003,639,754,78,754
271230353004,926,989,68,989
271230355001,1156,1311,191,1311
271230355002,785,971,125,971
271230357001,1066,1277,94,1277
271230357002,1088,1221,221,1221
271230358001,994,1145,215,1145
271230358002,459,691,99,691
271230358003,903,962,179,962
271230359001,414,651,117,651
271230360001,411,557,58,557
271230360002,1236,1856,312,1856
271230361001,215,1601,141,1601
271230363001,544,599,63,599
271230363002,730,758,99,758
271230363003,740,750,72,750
271230363004,1271,1448,342,1448
271230364001,1000,1190,172,1190
271230364002,985,1236,149,1236
271230364003,480,480,75,480
271230364004,758,917,173,917
271230365001,845,1012,118,1012
271230365002,1044,1142,107,1142
271230365003,564,597,61,597
271230365004,1028,1037,142,1037
271230366001,1263,1397,425,1397
271230366002,1043,1086,149,1086
271230366003,569,676,95,676
271230366004,778,928,72,928
271230367001,700,824,161,824
271230367002,440,580,44,580
271230367003,1288,1665,339,1665
271230367004,884,1509,145,1509
271230368001,955,1306,108,1306
271230368002,1010,1325,93,1325
271230369001,949,1283,320,1283
271230369002,533,670,81,670
271230370001,414,676,111,676
271230370002,501,720,44,720
271230370003,669,683,55,683
271230370004,605,669,76,669
271230371001,447,1335,422,1335
271230371002,385,1088,107,1088
271230371003,488,958,69,958
271230371004,395,539,106,539
271230371005,646,943,55,943
271230372001,707,1940,73,1940
271230372002,563,848,33,848
271230372003,330,1086,90,1086
271230372004,371,1483,24,1483
271230372005,234,804,111,804
271230374021,607,1020,174,1020
271230374022,693,1182,174,1182
271230374023,995,1905,276,1905
271230374031,284,492,138,492
271230374032,487,944,37,944
271230374033,337,1634,177,1634
271230374034,887,1906,136,1906
271230374035,543,1699,298,1699
271230375001,753,1071,185,1071
271230375002,693,1041,84,1041
271230375003,628,719,102,719
271230375004,577,698,118,698
271230375005,775,1034,188,1034
271230375006,450,701,115,701
271230376011,1535,1999,318,1999
271230376012,973,992,205,992
271230376013,908,1181,99,1181
271230376021,911,1385,435,1385
271230376022,622,749,148,749
271230376023,146,1753,37,1753
271230376024,1223,1507,177,1507
271230401001,2059,2392,294,2392
271230401002,659,701,250,701
271230401003,1163,1169,134,1169
271230401004,1300,1300,220,1300
271230401005,1483,1571,195,1571
271230402001,825,825,160,825
271230402002,1104,1191,361,1191
271230403011,941,1123,188,1123
271230403012,803,924,130,924
271230403021,1372,1412,312,1412
271230403022,1212,1426,285,1426
271230403023,2061,2474,279,2474
271230404011,786,877,148,877
271230404012,1070,1070,189,1070
271230404013,1357,1708,316,1708
271230404021,2703,2883,766,2883
271230404022,1977,2428,368,2428
271230405021,820,850,262,850
271230405022,1032,1122,233,1122
271230405023,929,957,195,957
271230405031,1924,2311,545,2311
271230405032,1121,1430,147,1430
271230405041,1868,2190,259,2190
271230405042,1409,1755,322,1755
271230406011,1139,1268,237,1268
271230406012,1115,1196,428,1196
271230406013,3012,3252,1137,3252
271230406031,1506,1945,336,1945
271230406032,1876,2137,447,2137
271230406033,1397,1530,207,1530
271230406041,596,1129,14,1129
271230406042,990,1235,388,1235
271230406043,1240,1550,228,1550
271230406044,1488,1616,270,1616
271230406045,1648,2146,279,2146
271230407031,1641,2421,441,2421
271230407032,2600,3259,725,3259
271230407033,1631,1654,279,1654
271230407041,525,525,153,525
271230407042,2127,2728,202,2728
271230407043,1733,2183,494,2183
271230407051,1834,2308,588,2308
271230407052,1600,1939,165,1939
271230407061,721,814,57,814
271230407062,1294,1482,326,1482
271230407063,2291,2687,354,2687
271230407071,1757,1872,300,1872
271230407072,1653,1777,449,1777
271230407073,705,783,144,783
271230408011,357,670,59,670
271230408012,2582,2956,599,2956
271230408031,1133,1165,264,1165
271230408032,873,987,474,987
271230408033,918,1075,236,1075
271230408034,1348,1551,238,1551
271230409011,992,1160,220,1160
271230409012,694,1168,99,1168
271230409021,1218,2025,257,2025
271230409022,1477,2063,115,2063
271230410011,1277,1431,339,1431
271230410012,1638,2008,265,2008
271230410021,1153,1808,303,1808
271230410022,1350,1451,279,1451
271230411031,1246,2119,448,2119
271230411032,1027,1251,277,1251
271230411041,1736,1754,567,1754
271230411042,1119,1245,264,1245
271230411051,2302,2552,645,2552
271230411052,1024,1204,137,1204
271230411053,1529,1780,306,1780
271230411061,1837,2235,430,2235
271230411062,868,1281,153,1281
271230411071,2065,2516,510,2516
271230411072,563,806,30,806
271230411073,770,1070,189,1070
271230411074,921,1630,174,1630
271230412001,1241,1582,365,1582
271230412002,711,1298,140,1298
271230412003,779,1487,202,1487
271230413011,1204,1902,249,1902
271230413012,968,1164,376,1164
271230413013,592,744,273,744
271230413021,1879,2165,605,2165
271230413022,1262,2019,347,2019
271230414001,1180,1532,269,1532
271230414002,1012,1211,102,1211
271230414003,1464,2031,576,2031
271230414004,1284,1416,268,1416
271230415001,1546,1919,551,1919
271230415002,1162,1433,373,1433
271230415003,1402,1465,467,1465
271230416011,1480,2031,525,2031
271230416012,1753,2267,354,2267
271230416013,1585,1825,253,1825
271230416021,1078,1644,320,1644
271230416022,875,2182,332,2182
271230417001,841,1092,249,1092
271230417002,674,774,237,774
271230417003,862,1066,173,1066
271230418001,681,760,162,760
271230418002,635,860,89,860
271230418003,1049,1559,260,1559
271230418004,377,563,70,563
271230419001,713,808,212,808
271230419002,1026,1443,175,1443
271230419003,1063,1249,224,1249
271230420011,1059,1301,231,1301
271230420012,147,759,6,759
271230420021,558,1228,92,1228
271230420022,1068,1273,295,1273
271230421011,1432,2674,380,2674
271230421012,977,1327,289,1327
271230421013,1176,1385,335,1385
271230421014,434,457,134,457
271230421021,1736,2968,363,2968
271230421022,1180,1492,236,1492
271230422011,715,1477,194,1477
271230422021,1121,1427,172,1427
271230422022,1623,3064,461,3064
271230422023,475,1070,117,1070
271230423011,772,1149,264,1149
271230423012,1182,1800,356,1800
271230423021,798,1509,213,1509
271230423022,506,733,127,733
271230423023,362,894,114,894
271230423024,545,911,175,911
271230423025,480,887,66,887
271230424011,2068,2388,690,2388
271230424012,2327,4006,787,4006
271230424021,1189,1992,207,1992
271230424022,1158,1238,140,1238
271230424023,920,1677,403,1677
271230424024,914,1268,303,1268
271230425011,365,730,50,730
271230425012,1097,1450,239,1450
271230425013,1250,1884,210,1884
271230425014,783,1390,302,1390
271230425031,2144,2924,290,2924
271230425032,288,333,25,333
271230425041,828,1249,85,1249
271230425042,1791,2695,573,2695
271230426011,1498,1746,311,1746
271230426012,1199,1705,286,1705
271230426013,720,1467,24,1467
271230426021,732,888,86,888
271230426022,398,636,91,636
271230426023,544,842,237,842
271230427001,1512,1827,194,1827
271230427002,1681,2212,383,2212
271230427003,684,918,211,918
271230428001,377,538,96,538
271230428002,99,1879,119,1879
271230429001,724,1133,115,1133
271230429002,530,609,99,609
271230429003,852,989,121,989
271230429004,1114,1168,99,1168
271230430001,1254,1431,128,1431
271230430002,1146,1324,303,1324
271230430003,1161,1233,166,1233
271230430004,496,521,103,521
271230430005,864,1014,246,1014
271230430006,781,815,136,815
271239800001,0,0,0,0
271390801001,840,862,242,862
271390801002,570,1318,117,1318
271390802011,680,924,35,924
271390802012,1593,1750,272,1750
271390802021,2456,3240,136,3240
271390802022,1600,1947,146,1947
271390802031,2390,2838,17,2838
271390802032,1746,2116,290,2116
271390802033,1217,1521,15,1521
271390802034,601,1758,69,1758
271390802041,2110,2558,265,2558
271390802042,763,822,50,822
271390802051,2920,3175,16,3175
271390802052,1091,1283,99,1283
271390802053,1448,1645,82,1645
271390802054,914,1188,112,1188
271390802055,770,1066,320,1066
271390803011,4229,6437,332,6437
271390803012,2693,3322,297,3322
271390803013,1445,2034,173,2034
271390803021,3198,4884,117,4884
271390803022,1340,1633,343,1633
271390803023,6792,9263,367,9263
271390804001,468,605,40,605
271390804002,1464,2475,259,2475
271390804003,662,797,101,797
271390805001,705,805,312,805
271390805002,1512,1936,226,1936
271390806001,1623,1932,306,1932
271390806002,1420,2314,123,2314
271390807001,1939,2491,158,2491
271390807002,421,1093,60,1093
271390809031,3312,4669,638,4669
271390809032,1819,2021,305,2021
271390809033,1250,1530,125,1530
271390809041,1216,1261,353,1261
271390809042,4204,5039,598,5039
271390809043,1659,1727,130,1727
271390809051,3382,3637,178,3637
271390809052,802,958,53,958
271390809053,621,638,212,638
271390809061,2005,2093,267,2093
271390809062,703,837,199,837
271390809063,1794,2049,193,2049
271390811001,1961,2097,160,2097
271390811002,1234,1240,98,1240
271390811003,2071,2129,309,2129
271390811004,5451,5667,397,5667
271630701031,1805,1940,301,1940
271630701032,689,861,52,861
271630701033,644,669,78,669
271630701034,1124,1478,81,1478
271630701041,1521,1626,210,1626
271630701042,759,788,149,788
271630701043,628,655,152,655
271630701051,1639,1717,242,1717
271630701052,1141,1221,244,1221
271630701053,1121,1162,230,1162
271630701061,2261,2463,436,2463
271630701062,1579,1635,187,1635
271630701063,3085,3191,234,3191
271630702031,5728,6306,447,6306
271630702032,2168,2181,318,2181
271630702041,1027,1041,197,1041
271630702042,4537,4887,424,4887
271630703011,803,834,172,834
271630703012,786,892,150,892
271630703031,885,897,185,897
271630703032,1172,1191,282,1191
271630703033,2419,2905,415,2905
271630703041,896,945,160,945
271630703042,816,932,55,932
271630703043,1253,1291,233,1291
271630703044,716,755,96,755
271630703045,954,1033,227,1033
271630704041,919,995,161,995
271630704042,2492,2595,285,2595
271630704051,1850,1958,298,1958
271630704052,2656,2801,355,2801
271630704061,1400,1429,218,1429
271630704062,979,1366,104,1366
271630704063,1029,1071,157,1071
271630705011,755,762,138,762
271630705012,2535,2708,469,2708
271630705021,1625,1742,367,1742
271630705022,790,790,122,790
271630705023,970,1089,195,1089
271630705024,794,822,143,822
271630706011,3777,4087,688,4087
271630706012,1809,2200,383,2200
271630706021,1199,1199,71,1199
271630706022,658,720,188,720
271630706023,928,1171,118,1171
271630707011,2909,2998,1112,2998
271630707012,2440,2657,246,2657
271630707013,1417,1508,192,1508
271630707031,1521,1561,243,1561
271630707032,1559,1813,400,1813
271630707041,877,918,231,918
271630707042,1167,1235,198,1235
271630709061,1321,1542,386,1542
271630709062,1246,1796,139,1796
271630709063,1401,2015,283,2015
271630709071,1038,1349,127,1349
271630709072,821,993,128,993
271630709073,1804,2308,386,2308
271630709074,193,574,38,574
271630709091,1090,1111,98,1111
271630709092,2050,2638,348,2638
271630709093,1285,1627,209,1627
271630709101,1924,2976,354,2976
271630709102,1502,2137,560,2137
271630709111,889,1009,129,1009
271630709112,1033,1374,258,1374
271630709113,806,1277,127,1277
271630709114,722,980,117,980
271630709121,851,1481,137,1481
271630709122,1373,1592,309,1592
271630710011,1545,2102,140,2102
271630710012,1907,2486,313,2486
271630710031,1297,1786,228,1786
271630710032,467,496,108,496
271630710033,1058,1203,132,1203
271630710061,1729,2393,349,2393
271630710062,1646,2253,395,2253
271630710101,1304,1424,120,1424
271630710102,1675,2036,177,2036
271630710103,1157,1564,155,1564
271630710111,661,781,55,781
271630710112,1895,2250,192,2250
271630710121,1131,1462,232,1462
271630710122,1019,1582,183,1582
271630710123,1182,1985,141,1985
271630710131,867,955,141,955
271630710132,2056,2540,684,2540
271630710133,1363,1509,156,1509
271630710141,2221,2739,334,2739
271630710142,1236,1433,64,1433
271630710151,1539,2013,68,2013
271630710152,2005,2365,218,2365
271630710153,1800,2394,530,2394
271630710161,1567,1904,323,1904
271630710162,2243,2700,110,2700
271630710171,5555,8111,838,8111
271630710181,5784,7503,434,7503
271630710182,6459,9164,770,9164
271630712061,5424,7423,579,7423
271630712062,1139,1388,128,1388
271630712063,1596,2085,201,2085
271630712071,2122,2189,372,2189
271630712072,2380,2819,200,2819
271630712073,1465,1826,96,1826
271630712081,1266,1489,219,1489
271630712082,1738,2046,339,2046
271630712083,1196,1615,201,1615
271630712091,2195,2603,223,2603
271630712092,1380,1923,85,1923
271630712093,1313,1469,102,1469
271630713001,2136,2682,275,2682
271630713002,2286,2694,298,2694
271630714001,696,796,133,796
271630714002,945,1103,230,1103
271630714003,840,1012,255,1012
271630714004,1819,2345,163,2345
271630714005,1555,2032,309,2032
