id,totalwhite_moe,totalppl_moe,over65_moe,total65_moe
270030501091,317,324,88.37986195961159,324
270030501092,207,208,52.86775955154521,208
270030501093,216,241,73.9459261893446,241
270030501094,219,214,55.776339069537364,214
270030501101,143,143,49.29503017546495,143
270030501102,158,156,43.520110293977886,156
270030501111,244,243,48.620983124572874,243
270030501112,268,261,78.63841300535,261
270030501113,157,157,40.024992192379,157
270030502081,206,285,92.44457799135652,285
270030502082,208,241,36.49657518178932,241
270030502101,187,198,56.53317610041028,198
270030502102,222,213,58.82176467941097,213
270030502103,156,156,67.37952211169207,156
270030502104,137,186,72.62919523166975,186
270030502191,198,194,63.623894882347464,194
270030502192,190,260,77.48548251124207,260
270030502201,491,508,72.84229540589725,508
270030502202,242,363,124.15715847263903,363
270030502203,267,273,116.8503316212667,273
270030502204,388,386,67.7864293203293,386
270030502211,356,345,106.61613386350116,345
270030502212,184,181,83.95236744726142,181
270030502213,420,426,73.23250644351864,426
270030502221,220,207,40.84115571332428,207
270030502222,150,181,50.428166732491874,181
270030502223,185,198,51.20546845796843,198
270030502224,218,261,79.73079706111058,261
270030502231,149,138,68.62215385719105,138
270030502241,214,211,55.09990925582364,211
270030502242,175,169,63.88270501473775,169
270030502251,524,550,101.25709851659784,550
270030502252,482,501,113.18568814121333,501
270030502261,197,141,71.54019849007969,141
270030502271,188,216,47.94788837894741,216
270030502272,331,265,70.02142529254886,265
270030502281,280,305,69.66347680097513,305
270030502282,351,362,73.37574531137656,362
270030502291,259,295,58.412327466040935,295
270030502292,260,269,69.53416426476987,269
270030502301,172,158,46.3033476111609,158
270030502321,246,275,72.75300681071539,275
270030502322,274,279,49.50757517794625,279
270030502331,207,207,49.879855653359705,207
270030502332,316,305,67.12674578735364,305
270030502361,201,219,49.949974974968704,219
270030502362,210,210,47.11687595755899,210
270030502371,330,339,101.70545708072896,339
270030502372,258,260,73.25298628724975,260
270030504011,235,235,67.01492371106603,235
270030504012,240,248,54.56189146281496,248
270030504021,216,211,83.07827634225448,211
270030504022,210,200,89.40357934669059,200
270030504023,227,256,90.53728513711906,256
270030505011,178,194,93.94147114027967,194
270030505012,250,317,80.14362108115655,317
270030505013,181,201,65.84071688552609,201
270030505014,132,154,56.789083458002736,154
270030505041,177,207,64.70703207534712,207
270030505042,224,240,62.81719509815764,240
270030505051,267,286,66.55824516917495,286
270030505052,127,142,64.33506042586733,142
270030505053,197,259,84.8999411071645,259
270030505054,215,232,71.70774016799024,232
270030506021,183,183,46.33573135281238,183
270030506022,155,202,59.89156868875618,202
270030506051,314,326,113.37989239719712,326
270030506052,398,404,110.72488428533127,404
270030506053,416,392,89.59910713840847,392
270030506054,460,512,102.32790430767162,512
270030506061,145,143,78.18567643756751,143
270030506062,103,102,34.64101615137755,102
270030506071,185,268,72.75300681071539,268
270030506072,313,369,79.58014827832379,369
270030506073,187,222,80.8084154033477,222
270030506074,179,251,77.33692520394123,251
270030506081,246,292,79.86864215698174,292
270030506082,158,181,44.19275958796871,181
270030506083,181,320,51.28352561983234,320
270030506091,165,174,61.773780845922005,174
270030506092,164,203,68.0294054067798,203
270030506093,242,243,84.85870609430714,243
270030506101,222,227,131.85598204101322,227
270030506102,308,339,68.89121859859934,339
270030506103,223,228,105.88200980336556,228
270030506104,452,446,133.566462856512,446
270030507021,204,194,83.37265738837884,194
270030507022,172,224,53.646994324006634,224
270030507041,282,323,40.0374824383352,323
270030507042,276,286,68.32276341015489,286
270030507043,216,210,68.86218120274728,210
270030507044,134,161,49.61854492022111,161
270030507045,248,273,81.36338242723197,273
270030507061,198,217,72.91776189653656,217
270030507062,173,200,72.03471385380801,200
270030507063,172,260,61.84658438426491,260
270030507071,295,339,166.5022522370193,339
270030507072,281,272,89.280456988077745,272
270030507073,381,408,129.56851469396415,408
270030507091,203,230,71.18286310622803,230
270030507092,141,184,64.05466415492317,184
270030507101,174,210,67.34240862933252,210
270030507102,216,264,62.96824596572466,264
270030507103,173,174,60.19136150644875,174
270030507104,199,209,69.30367955599472,209
270030507111,142,135,40.85339643163099,135
270030507112,243,252,37.70941526992961,252
270030507113,194,225,88.40814442120137,225
270030507114,329,352,76.19055059520177,352
270030507115,311,313,63.08724118235002,313
270030507121,179,221,46.010868281309364,221
270030507122,127,118,52.98112871579842,118
270030507123,167,193,49.54795656734998,193
270030507124,188,206,95.91141746424145,206
270030508051,479,510,89.64373932405988,510
270030508052,228,284,90.06664199358161,284
270030508053,457,506,99.58413528268446,506
270030508054,244,267,52.754146756439916,267
270030508061,583,467,76.47875521999558,467
270030508062,100,135,65.94694837519019,135
270030508063,308,320,92.42835062901426,320
270030508064,406,421,110.13173929435601,421
270030508071,164,164,39.774363602702685,164
270030508072,232,275,66.61831579978588,275
270030508073,139,280,65.96969000988257,280
270030508074,168,174,58.40376700179535,174
270030508081,97,109,39.93745109543172,109
270030508082,147,143,63.74950980203691,143
270030508091,357,384,126.37642185154634,384
270030508092,253,463,89.22443611477743,463
270030508093,353,494,77.6530746332687,494
270030508101,226,303,49.28488612140643,303
270030508102,152,192,95.1367436903324,192
270030508103,222,181,73.76313442364011,181
270030508104,177,213,51.146847410177685,213
270030508111,188,194,80.90735442467513,194
270030508112,152,143,66.35510530471637,143
270030508113,190,193,60.70420084310476,193
270030508131,336,406,80.16233529532433,406
270030508132,515,637,82.83115355951527,637
270030508133,205,201,56.74504383644443,201
270030508134,398,442,41.88078318274385,442
270030508135,300,297,125.19185277005849,297
270030508161,256,285,110.25425161870176,285
270030508162,135,198,46.486557196677836,198
270030508163,271,247,38.87158345115362,247
270030508164,266,266,58.23229344616267,266
270030508181,216,229,42.320207938997655,229
270030508182,228,247,92.65527507918802,247
270030508183,379,402,95.37819457297354,402
270030508191,255,258,49.77951385861457,258
270030508192,289,248,116.34431657799189,248
270030508201,271,242,72.6842486375143,242
270030508202,194,214,40.0374824383352,214
270030508211,219,250,55.154328932550705,250
270030508212,196,201,68.64400920692205,201
270030508213,191,218,68.10286337592568,218
270030509011,143,167,48.19751030914356,167
270030509012,105,111,35.45419580247167,111
270030509021,199,239,51.6817182376902,239
270030509022,161,294,74.2630459919333,294
270030509023,345,311,91,311
270030509024,150,150,92.24424101265076,150
270030510011,208,215,77.00649323271382,215
270030510012,182,175,78.3007024234138,175
270030510021,172,173,60.43177971895251,173
270030510022,203,257,82.37718130647589,257
270030510023,218,248,66.75327707311455,248
270030511011,266,279,104.48444860360799,279
270030511012,238,263,72.44998274671983,263
270030511013,241,249,65.06919393998976,249
270030511014,199,244,65.53624951124378,244
270030511015,143,243,75.83534795858722,243
270030511021,244,448,98.19877799647,448
270030511022,182,222,72.24264668462804,222
270030511023,135,211,76.8505042273634,211
270030511031,171,204,80.52328855678958,204
270030511032,198,259,61.82232606429493,259
270030511033,159,395,67.39436178197698,395
270030512011,97,152,48.979587585033826,152
270030512012,184,227,43.53159771935783,227
270030512013,170,257,87.40137298692738,257
270030512021,160,210,49.3254498205541,210
270030512022,171,207,48.590122453025366,207
270030512023,176,311,73.85797181076664,311
270030512031,321,390,141.89432687743368,390
270030512032,179,367,129.18978287774928,367
270030512033,151,235,108,235
270030512061,192,234,62.70566162636353,234
270030512062,206,207,64.76109943476871,207
270030513021,152,172,62.0966987850401,172
270030513022,226,414,118.32159566199232,414
270030513023,208,313,76.09862022402245,313
270030513041,166,217,48.91829923454004,217
270030513042,182,233,54.89990892524322,233
270030513051,175,214,47.20169488482379,214
270030513052,198,271,63.66317616958802,271
270030513053,82,156,27.53179979587241,156
270030514001,179,182,53.3572862878164,182
270030514002,118,334,96.26525853079085,334
270030514003,127,127,44.13615298142782,127
270030514004,278,349,53.25410782277739,349
270030515011,199,397,105.64090116995405,397
270030515012,173,245,40.91454509095757,245
270030515021,142,175,52.09606511052442,175
270030515022,180,234,139.11146609823362,234
270030515023,146,262,43.09292285283048,262
270190903011,202,202,54.286278192559855,202
270190903012,293,312,122.18837915284743,312
270190903013,298,282,170.5637710652529,282
270190903021,347,220,75.72978278062072,220
270190904011,243,272,55.37147279962851,272
270190904012,245,244,88.04544281222056,244
270190904021,264,261,67.35725647619564,261
270190904022,333,328,79.41032678436729,328
270190905011,171,185,51.43928459844674,185
270190905021,219,280,53.52569476429054,280
270190905031,107,109,36.0416425818802,109
270190905032,128,118,45.32107677449864,118
270190906011,192,218,76.5702292016943,218
270190906012,234,239,100.54352291420865,239
270190906021,155,155,54.36910887627275,155
270190906022,152,156,48.2078831727758,156
270190907011,510,448,106.78483038334612,448
270190907012,296,337,137.98913000667844,337
270190907013,288,288,71.81225522151495,288
270190907021,212,218,51.51698748956503,218
270190907022,133,137,41.92851058647326,137
270190908001,378,364,82.8914953418021,364
270190908002,304,308,120.96693763173474,308
270190908003,390,403,63.796551630946325,403
270190908004,234,232,61.53048025166064,232
270190908005,314,341,56.32051136131489,341
270190909001,168,177,55.80322571321482,177
270190909002,183,177,58.378078077305695,177
270190909003,202,210,41.30375285612676,210
270190909004,279,260,53.55371135598354,260
270190910001,156,214,50.586559479766954,214
270190910002,237,454,133.49157276772192,454
270190910003,325,498,116.22392180614109,498
270190910004,739,667,143.91664254004817,667
270190911001,325,95,89.73850901368932,95
270190911002,170,169,42.86023798347368,169
270370601011,155,202,41.376321731154405,202
270370601012,181,311,43.45112196480086,311
270370601013,170,232,43.58898943540674,232
270370601014,116,191,69.19537556802477,191
270370601021,145,165,50.457903246171455,165
270370601022,142,154,41.79712908801273,154
270370601023,197,198,43.139309220245984,198
270370601031,216,187,55.57877292636101,187
270370601032,157,201,77.75602870517501,201
270370601041,314,381,121.34661099511597,381
270370601042,339,402,100.65783625729296,402
270370601043,164,384,85.62709851443059,384
270370601044,207,269,110.95043938624129,269
270370601051,184,482,79.52358140828417,482
270370601052,232,462,133.9328189802634,462
270370601053,191,410,115.14338886796757,410
270370602011,120,201,43.98863489584554,201
270370602012,109,179,38.80721582386451,179
270370602013,121,156,47.686476070265456,156
270370602021,161,199,36.51027252705737,199
270370602022,251,319,98.01530492734285,319
270370602023,225,228,60.29096117993144,228
270370603011,154,251,82.63171304045439,251
270370603012,197,236,36.90528417449187,236
270370603013,224,287,32.46536616149585,287
270370603014,286,305,51,305
270370603021,130,158,62.609903369994115,158
270370603022,268,321,70.60453243241541,321
270370603023,151,161,46.861498055439924,161
270370604011,170,180,40.049968789001575,180
270370604012,147,161,44.721359549995796,161
270370604021,145,280,44.44097208657794,280
270370604022,163,297,47.19110085598767,297
270370604023,167,214,51.58488150611572,214
270370604024,99,200,37.70941526992961,200
270370605021,183,179,47.66550115125194,179
270370605022,228,273,70.25667228100119,273
270370605023,171,290,50.33885179461288,290
270370605024,134,149,57.87054518492115,149
270370605031,224,251,46.14108798023731,251
270370605032,275,325,70.63993204979744,325
270370605033,198,244,57.23635208501674,244
270370605034,277,315,54.378304497290095,315
270370605051,200,235,67.1863081289633,235
270370605052,128,130,32.18695387886216,130
270370605053,374,491,45.387222871640866,491
270370605054,445,441,150.50249167372613,441
270370605055,325,390,47.486840282335066,390
270370605061,312,440,115.29093633065871,440
270370605062,338,332,192.0520762709948,332
270370605071,231,247,84.05950273467003,247
270370605072,277,276,95.81753492967766,276
270370605081,218,220,73.92563831310488,220
270370605082,231,258,71.93052203341777,258
270370605083,188,218,45.46427168667722,218
270370605084,113,118,53.85164807134504,118
270370605091,248,468,110.72488428533127,468
270370605092,378,412,127.08658465786229,412
270370605093,353,541,132.62729734108285,541
270370606031,194,231,74.09453421137081,231
270370606032,169,152,85.38149682454625,152
270370606033,148,146,84.81155581640984,146
270370606034,150,189,73.66138744281159,189
270370606041,118,137,64.31174076325411,137
270370606042,151,147,94.19660291114536,147
270370606051,94,81,56.133768802744754,81
270370606061,158,165,91.6951470907812,165
270370606062,124,125,65.22269543648132,125
270370607091,188,345,45.45327270945405,345
270370607092,340,370,131.55987230154946,370
270370607093,329,500,91.40568910084318,500
270370607101,217,284,84.78207357690657,284
270370607102,261,317,55.19963767997033,317
270370607111,316,413,135.3440061472986,413
270370607112,412,453,197.5803633967708,453
270370607131,170,205,71.23903424387504,205
270370607132,241,216,97.09273917240156,216
270370607141,291,262,100.39422294136251,262
270370607142,254,289,92.72540105062906,289
270370607161,190,256,53.693575034635195,256
270370607162,242,212,74.57211275000863,212
270370607171,125,146,31.25699921617557,146
270370607172,150,147,35.34119409414458,147
270370607211,126,219,47.78074926160116,219
270370607212,176,199,67.34983296193094,199
270370607251,194,224,66.35510530471637,224
270370607252,213,215,72.27724399837061,215
270370607253,225,252,53.59104402789705,252
270370607261,153,146,49.26459174701441,146
270370607262,192,194,95.37295214053091,194
270370607271,221,271,73.55949972641196,271
270370607272,230,232,82.96987405076617,232
270370607281,255,261,83.36666000266533,261
270370607282,235,286,60.93439094632849,286
270370607291,207,226,55.937465083787984,226
270370607292,198,219,102.84940447080868,219
270370607301,334,326,88.09086218218096,326
270370607302,318,313,51.39066063011839,313
270370607303,283,275,51.332251070842396,275
270370607311,197,203,55.91958512006326,203
270370607312,154,161,54.69003565550127,161
270370607313,193,218,64.03905058634146,218
270370607321,220,227,43.520110293977886,227
270370607322,259,307,66.32495759516172,307
270370607323,198,197,40.90232267243512,197
270370607331,218,246,61.38403701289123,246
270370607332,178,207,56.568542494923804,207
270370607333,278,286,64.3039656630911,286
270370607341,266,281,66.1362230551458,281
270370607342,275,314,79.88742078700501,314
270370607351,251,412,111.56164215356459,412
270370607352,187,223,81.65169930871004,223
270370607353,260,340,52.507142371300304,340
270370607354,140,267,46.850827100489916,267
270370607371,415,400,153.64244205296922,400
270370607372,276,309,146.9251510123437,309
270370607381,223,316,80.57294831393475,316
270370607382,158,276,66.52067347825036,276
270370607391,182,396,80.876448982383,396
270370607392,271,297,48.8978527135906,297
270370607393,245,409,44.181444068749045,409
270370607411,356,519,122.58874336577564,519
270370607412,248,337,82.38931969618392,337
270370607413,236,461,93.11283477587824,461
270370607414,398,442,92.9569792968769,442
270370607421,149,144,76.61592523751182,144
270370607422,190,188,47.644516998286385,188
270370607423,143,198,70.41306696913578,198
270370607431,113,151,40.47221268969612,151
270370607441,146,74,46.66904755831214,74
270370607451,192,259,66.85805860178712,259
270370607452,248,323,114.09645042682091,323
270370607461,210,213,41.677331968349414,213
270370607462,284,281,109.17417276993676,281
270370607471,235,279,67.53517601961218,279
270370607472,184,248,95.90620417887469,248
270370607481,185,221,92.84934033152847,221
270370607482,135,189,39.56008088970496,189
270370607491,132,131,68.67313885355759,131
270370607501,231,255,86.88498144098322,255
270370607502,169,314,80.92589202474076,314
270370607503,211,306,90.4267659490264,306
270370608051,230,303,42.5205832509386,303
270370608052,181,387,41.09744517606904,387
270370608061,278,313,107.64757312638311,313
270370608062,392,400,104.09610943738484,400
270370608063,273,387,139.16536925542934,387
270370608111,272,326,104.07209039891531,326
270370608112,388,406,59.0508255657785,406
270370608113,275,307,141.14531518970085,307
270370608121,279,324,80.46117075956576,324
270370608122,331,415,119.14696806885183,415
270370608123,326,355,104.42700800080408,355
270370608131,208,212,94.99473669630333,212
270370608132,282,298,110.35397591387454,298
270370608141,270,292,84.35638683585256,292
270370608142,392,301,109.16501271011697,301
270370608143,257,274,99.00505037623081,274
270370608151,270,292,80.05623023850174,292
270370608152,320,338,100.23472452199387,338
270370608161,262,261,61.196405123176966,261
270370608162,238,279,42.68489194082609,279
270370608163,204,223,49.53786430600334,223
270370608171,352,359,127.49509794497983,359
270370608172,461,492,76.3544366752843,492
270370608173,454,562,114.83466375620212,562
270370608174,333,436,67.57958271549181,436
270370608181,316,387,110.89183919477574,387
270370608182,604,564,63.57672530100933,564
270370608183,259,243,31.176914536239792,243
270370608191,258,260,52.32590180780452,260
270370608192,437,406,83.54639429682169,406
270370608193,325,370,72.39475119095306,370
270370608201,393,410,127.73018437315433,410
270370608202,330,330,56.06246516163912,330
270370608203,492,463,86.01744009211156,463
270370608211,406,475,185.98118184375537,475
270370608212,218,238,46.76537180435969,238
270370608213,357,351,91.92932067626738,351
270370608221,120,121,51.70106381884226,121
270370608231,174,205,88.09653795694811,205
270370608232,147,166,65.1536645170477,166
270370608241,202,216,94.21252570651102,216
270370608242,231,326,90.48756820690895,326
270370608251,381,382,146.38647478507022,382
270370608252,299,304,97.12363255150623,304
270370608253,329,326,122.31925441237777,326
270370608261,406,458,153.88632167934875,458
270370608262,238,357,80.64738061462381,357
270370608263,363,411,105.52724766618336,411
270370608281,286,278,104.92378186092989,278
270370608291,263,203,81.08637370113428,203
270370609021,317,288,117.38824472663352,288
270370609041,155,155,56.05354582896607,155
270370609042,178,222,83.66600265340756,222
270370609043,256,275,62.78534860936905,275
270370609051,306,243,81.68231142664855,243
270370609061,204,135,111.21151019566275,135
270370609071,488,444,70.16409338115899,444
270370609072,357,421,69.24593850905626,421
270370610031,119,111,70.25667228100119,111
270370610041,313,340,83.91066678319271,340
270370610042,329,304,103.80269746013347,304
270370610051,304,199,49.17316341257699,199
270370610052,104,120,30.62678566222711,120
270370610071,373,379,96.36908217888141,379
270370610072,210,285,56.789083458002736,285
270370610081,146,208,60.45659600076736,208
270370610082,115,190,34.249087579087416,190
270370610091,292,347,75.04665215717488,347
270370610092,265,286,97.12363255150623,286
270370611021,174,173,62.297672508690084,173
270370611022,289,291,106.32497354808042,291
270370611023,208,204,99.59919678390986,204
270370611051,122,135,44.44097208657794,135
270370611052,173,177,56.00892785976178,177
270370611061,222,208,65.86349520030045,208
270370611062,174,180,86.75252157718529,180
270370611071,336,340,103.98557592281729,340
270370611072,364,400,193.2174940319846,400
270370611081,328,326,66.40783086353596,326
270370611082,348,363,97.65756499114649,363
270370611083,463,433,119.3859288191033,433
270530001011,236,353,50.52722038663912,353
270530001012,93,248,45.35416188179427,248
270530001013,103,200,50.50742519669756,200
270530001014,128,203,48.80573736764972,203
270530001021,201,336,55.58776843874919,336
270530001022,223,405,98.73196037757987,405
270530001023,128,352,58.39520528262573,352
270530001024,174,459,54.909015653169384,459
270530001025,133,393,42,393
270530003001,204,213,48.92851929090027,213
270530003002,135,248,67.03730304837748,248
270530003003,170,180,39.20459156782532,180
270530003004,134,134,36.138621999185304,134
270530006011,265,295,79.78095010715278,295
270530006012,175,196,39.81205847478876,196
270530006013,201,426,59.9666574022598,426
270530006014,116,126,49.78955713801841,126
270530006031,159,168,37.5099986670221,168
270530006032,238,245,59.430631832414505,245
270530006033,189,199,49.879855653359705,199
270530006034,122,129,45.110974274559844,129
270530011001,82,158,28.513154858766505,158
270530011002,111,157,34.46737587922817,157
270530017001,123,142,45.31004303683677,142
270530017002,138,247,32.046840717924134,247
270530022001,48,216,37.97367509209505,216
270530022002,79,249,34.48187929913333,249
270530024001,169,215,52.230259428802384,215
270530024002,205,206,61.44102863722254,206
270530027001,153,271,63.94528911499267,271
270530027002,89,195,67.23094525588644,195
270530032001,79,236,36.069377593742864,236
270530032002,128,247,51.34199061197374,247
270530033001,37,265,40.66939881532551,265
270530033002,30,304,42.36744032862972,304
270530038001,279,279,39.585350825778974,279
270530038002,433,452,53.65631370118525,452
270530038003,262,295,64.32728814430156,295
270530059011,132,227,83.65404951345751,227
270530059012,205,286,118.33427229674419,286
270530059021,253,493,39.25557285278104,493
270530059022,100,435,45.79301256742124,435
270530068001,198,414,37.77565353504821,414
270530068002,178,233,73.33484846919642,233
270530068003,251,292,47.90615826801394,292
270530077001,144,392,40.74309757492672,392
270530077002,234,234,39.14077158156185,234
270530078011,95,201,37.255872020394314,201
270530078012,65,214,35.76310948449533,214
270530081001,147,140,62.83311228962003,140
270530081002,147,146,55.35341001239219,146
270530081003,167,165,36.013886210738214,165
270530081004,184,190,32.46536616149585,190
270530082001,138,439,155.59562975867928,439
270530082002,263,414,44.98888751680797,414
270530082003,252,299,40.92676385936225,299
270530082004,127,410,56.7097875150313,410
270530083001,96,353,48.25971404805462,353
270530083002,109,194,29.597297173897484,194
270530084001,87,195,31.811947441173732,195
270530084002,112,260,42.555845661906424,260
270530085001,117,611,52.46903848937962,611
270530085002,169,496,33.13608305156178,496
270530085003,212,229,47.46577714522327,229
270530085004,134,516,31.176914536239792,516
270530085005,152,382,51.84592558726288,382
270530095001,143,427,83.00602387778854,427
270530095002,126,234,44.35087372307337,234
270530095003,172,215,49.13247398615299,215
270530096001,169,204,52.44044240850758,204
270530096002,146,248,49.17316341257699,248
270530096003,165,204,32.96968304366907,204
270530096004,126,187,40.22437072223753,187
270530106001,117,210,74.10128204019145,210
270530106002,143,145,54.7905101272109,145
270530106003,135,142,47.94788837894741,142
270530107001,100,114,36.9729630946723,114
270530107002,116,174,45.09988913511872,174
270530107003,125,149,38.8329756778952,149
270530110001,118,173,41.13392760240627,173
270530110002,133,159,53.225933528685054,159
270530110003,168,158,45.387222871640866,158
270530110004,185,187,52.25897052181568,187
270530117031,136,168,47.77028364998475,168
270530117032,107,121,50.566787519082126,121
270530117033,161,207,53.376024580330075,207
270530117034,154,161,43.23193264243457,161
270530117035,182,190,60.73713855624086,190
270530117041,142,153,45.628938186199335,153
270530117042,146,141,46.20606020859169,141
270530117043,171,221,57.74945887192364,221
270530118001,232,234,105.60303025955268,234
270530118002,221,236,79.71825386948713,236
270530118003,193,204,67.68308503607086,204
270530118004,255,412,49.628620774710235,412
270530118005,224,224,72.09715667070374,224
270530119981,104,208,79.78721702127478,208
270530119982,128,127,55.614746245937326,127
270530119983,201,242,80,242
270530119984,107,196,77.43384273042376,196
270530119985,151,133,46.861498055439924,133
270530120011,276,307,54.31390245600108,307
270530120012,140,313,73.55270219373317,313
270530120013,174,177,63.00793600809346,177
270530120014,196,200,66.91786009728644,200
270530120015,166,153,57.463031594234565,153
270530120016,160,175,89.02246907382428,175
270530120017,136,197,67.05221845696084,197
270530120031,165,202,78.49840762716146,202
270530120032,330,335,44.49719092257398,335
270530120033,308,312,97.54486147409304,312
270530120034,226,373,30.116440692751194,373
270530120035,97,458,31.176914536239792,458
270530120036,270,291,57.23635208501674,291
270530121011,153,157,53.03772242470448,157
270530121012,139,242,34.20526275297414,242
270530121013,139,237,49.8196748283246,237
270530121021,132,134,62.78534860936905,134
270530121022,109,160,37.92097045171708,160
270530121023,106,109,43.86342439892262,109
270530121024,175,193,49.13247398615299,193
270530201011,207,210,70.49113419430843,210
270530201012,174,165,62.77738446287803,165
270530201013,183,185,64.40496875241847,185
270530201021,148,145,50.029991005395956,145
270530201022,155,212,86.66025617317318,212
270530202001,220,438,99.68951800465283,438
270530202002,288,454,58.34380858325929,454
270530202003,184,514,116.26693425045661,514
270530202004,147,255,61.35144660071187,255
270530202005,144,530,78.60025445251433,530
270530202006,139,367,54.83611948342078,367
270530202007,158,622,70.13558298039591,622
270530203011,94,222,44.69899327725402,222
270530203012,83,242,43.42810150121693,242
270530203021,93,213,44.73253849269008,213
270530203022,91,186,59.11852501542981,186
270530203031,135,254,47.095647357266465,254
270530203032,137,243,69.00724599634447,243
270530203033,191,251,75.11990415329349,251
270530203041,157,304,65.35288822997802,304
270530203042,114,305,45.86937976471886,305
270530203043,180,291,66.56575696257048,291
270530204001,119,185,38.36665218650175,185
270530204002,198,352,82.55301327026167,352
270530204003,247,311,65.86349520030045,311
270530204004,152,338,74.2024258363566,338
270530205001,140,218,55.98214000911362,218
270530205002,145,282,62.185207244167,282
270530205003,218,288,61.68468205316454,288
270530206001,102,216,65.20736154760442,216
270530206002,116,239,36.08323710533743,239
270530207001,153,213,68.97825744392213,213
270530207002,119,338,56.05354582896607,338
270530207003,208,219,73.3621155638249,219
270530207004,154,183,78.71467461661771,183
270530208011,125,152,38.49675310984031,152
270530208012,112,138,42.661458015403085,138
270530208041,86,463,68.84039511798287,463
270530208042,234,203,41.593268686170845,203
270530208043,145,200,78.45380806563821,200
270530209021,176,168,46.70117771534247,168
270530209022,133,134,50.75431016179808,134
270530209031,236,299,90.36592278065886,299
270530209032,138,161,41.96427051671457,161
270530209033,210,201,65.29931086925804,201
270530210011,259,610,63.474404290233394,610
270530210012,277,280,67.29784543356496,280
270530210013,199,189,62.281618476080084,189
270530210014,265,317,93.54143466934853,317
270530210015,233,276,122.91053657030385,276
270530210021,154,177,77.53708789992051,177
270530211001,104,121,34.62657938636157,121
270530211002,154,143,47.60252094164762,143
270530212001,151,168,45.31004303683677,168
270530212002,180,214,58.08614292583042,214
270530212003,171,203,46.24932431938871,203
270530212004,186,201,46.16275555033516,201
270530212005,130,261,47.634021455258214,261
270530213001,303,280,177.82013384316187,280
270530213002,203,219,119.12598373151006,219
270530213003,165,283,47.958315233127195,283
270530213004,216,246,65.95452979136459,246
270530214001,192,261,54.772255750516614,261
270530214002,179,205,64.04685784642366,205
270530214003,168,239,38.80721582386451,239
270530215011,245,249,87.09190547921202,249
270530215012,246,274,82.03048213926333,274
270530215013,305,326,150.8011936292283,326
270530215021,218,472,49.678969393496885,472
270530215022,183,177,127.09838708654017,177
270530215023,103,335,56.16938667993447,335
270530215031,159,354,90.29950165975447,354
270530215032,232,275,89.62700485902673,275
270530215033,202,209,85.15867542417507,209
270530215034,218,586,139.20847675339314,586
270530215041,99,175,51.980765673468106,175
270530215042,216,236,45.69463863518345,236
270530215043,140,196,63.174361888348344,196
270530215044,211,242,69.67783004657937,242
270530215051,148,207,80.82697569499925,207
270530215052,211,279,71.12664760833313,279
270530215053,130,148,82.96987405076617,148
270530215054,112,185,65.80273550544841,185
270530216011,150,172,67.34983296193094,172
270530216012,181,233,89.46507698538016,233
270530216013,162,188,64.90762667052309,188
270530216021,226,253,119.74973903938162,253
270530216022,287,287,126.11106216347557,287
270530216023,211,248,77.5112895003044,248
270530216024,255,379,71.30217387990355,379
270530216025,177,412,55.389529696504916,412
270530216026,168,187,74.02702209328699,187
270530217001,165,158,76.61592523751182,158
270530217002,246,252,71.00704190430693,252
270530217003,207,248,80.19351594736322,248
270530217004,232,289,101.48398888494677,289
270530217005,291,301,63.13477647065839,301
270530218001,148,168,101.28672173587218,168
270530218002,194,192,78.86697661252141,192
270530219001,182,197,78.96834808959854,197
270530219002,151,221,59.1100668245266,221
270530219003,254,254,77.8138805098422,254
270530220001,102,124,40.27406113120453,124
270530220002,81,85,35.93048844644336,85
270530221011,199,166,62.48199740725323,166
270530221012,172,223,54.323107422164284,223
270530221021,180,288,71.49825172687791,288
270530221022,168,189,80.92589202474076,189
270530222001,213,216,90.07219326740079,216
270530222002,345,331,73.60706487831179,331
270530222003,177,196,60.249481325568276,196
270530222004,274,298,75.45197147855052,298
270530223011,114,146,57.16642371182581,146
270530223012,181,184,107.09808588392231,184
270530223021,275,246,39.786932528155525,246
270530223022,238,254,110.41738993473808,254
270530223023,191,253,48.75448697299562,253
270530224001,101,104,57.48043145279966,104
270530224002,111,127,45.02221673796171,127
270530224003,162,159,61.78996682310163,159
270530224004,121,243,95.73922915921143,243
270530227001,237,362,68.22023160324215,362
270530227002,199,226,53.693575034635195,226
270530227003,189,193,52.478567053607705,193
270530228011,129,122,53.53503525729669,122
270530228012,108,94,42.74342054632502,94
270530228021,231,252,126.35663813191613,252
270530228022,221,244,62.849025449882674,244
270530229011,249,258,114.9130105775669,258
270530229012,202,205,76.06576102294646,205
270530229013,278,262,134.1044369139217,262
270530229014,289,297,50.39841267341661,297
270530229021,92,102,36.6333181680284,102
270530229022,117,115,38.98717737923585,115
270530230001,282,298,135.42156401400774,298
270530230002,170,284,39.585350825778974,284
270530230003,261,284,87.58424515859002,284
270530231001,139,141,38.91015291668744,141
270530231002,118,117,37.17526059088221,117
270530232001,164,335,74.39085965358916,335
270530232002,200,229,131.232617896619,229
270530232003,152,328,79.65550828411052,328
270530232004,116,304,52.86775955154521,304
270530232005,115,353,42.261093218230876,353
270530233001,309,293,61.72519744804386,293
270530233002,273,688,158.33508770957877,688
270530233003,369,377,62.4099351065197,377
270530233004,201,225,92.36882591004391,225
270530234001,165,543,73.40980860893181,543
270530234002,152,159,73.60706487831179,159
270530234003,309,424,64.85368146836385,424
270530234004,241,253,88.2269800004511,253
270530234005,184,432,118.38496526164123,432
270530235011,207,202,105.94810050208545,202
270530235012,220,230,83.58827668997608,230
270530235013,142,185,48.67237409455183,185
270530235021,141,176,54.38749856354859,176
270530235022,183,217,97.77013859047148,217
270530235023,265,264,90.82951062292474,264
270530235024,183,189,92.69843580125827,189
270530235025,243,258,127.18883598806933,258
270530236001,183,197,86.18004409374598,197
270530236002,142,146,56.938563381947034,146
270530236003,171,162,50.24937810560445,162
270530237001,163,173,102.66450214168479,173
270530237002,159,161,63.647466563878254,161
270530237003,138,152,64.04685784642366,152
270530237004,160,145,93.36487562247379,145
270530238011,159,175,57.113921245174545,175
270530238012,212,213,46.17358552246078,213
270530238013,215,238,88.94380248224157,238
270530238014,153,158,71.40028011149536,158
270530238015,146,148,60.96720429870473,148
270530238021,195,193,65.97726881282674,193
270530238022,139,253,71.11258679024411,253
270530238023,147,150,66.85805860178712,150
270530239011,189,184,83.87490685538792,184
270530239012,148,150,65.80273550544841,150
270530239013,207,219,84.77617589865682,219
270530239021,139,124,56.24944444170093,124
270530239022,122,134,56.868268832451726,134
270530239031,138,152,61.196405123176966,152
270530239032,147,159,76.96752561957543,159
270530239033,166,181,123.80226169178009,181
270530240031,334,358,114.04823540940912,358
270530240032,326,392,98.45811292118086,392
270530240033,205,294,62.609903369994115,294
270530240041,230,240,161.66941578418596,240
270530240042,234,294,199.6296571153695,294
270530240043,252,291,176.07668783799858,291
270530240051,171,213,80.61017305526642,213
270530240052,225,214,137.4227055475186,214
270530240061,128,131,51.836280730777744,131
270530240062,109,133,56.824290580701486,133
270530241001,181,197,73.62064927722385,197
270530241002,138,223,59.91660871578097,223
270530241003,115,244,63.773035054010094,244
270530242001,134,131,56.52433104425032,131
270530242002,136,130,62.20128616033595,130
270530242003,155,216,73.60027173862879,216
270530243001,163,247,35.749125863438955,247
270530243002,41,203,52.43090691567332,203
270530243003,192,373,48.98979485566356,373
270530243004,161,318,70.8590149522275,318
270530244001,261,342,98.2191427370449,342
270530244002,263,289,309.4834405909305,289
270530245001,126,164,60.03332407921454,164
270530245002,126,122,34.655446902326915,122
270530245003,98,118,51.62363799656123,118
270530246001,170,257,58.59180830116101,257
270530246002,165,334,69.05070600652827,334
270530246003,263,451,69.27481504847198,451
270530247001,140,186,72.26340706055866,186
270530247002,185,190,74.13501197140255,190
270530247003,142,188,42.82522621072771,188
270530248011,104,182,42.82522621072771,182
270530248012,104,165,50.68530358989675,165
270530248021,135,213,64.43601477434805,213
270530248022,136,335,82.83115355951527,335
270530248023,167,184,50.6458290484024,184
270530249011,68,161,30.83828789021855,161
270530249012,91,143,29.376861643136763,143
270530249021,145,270,38.01315561749642,270
270530249022,146,160,49.01020301937138,160
270530249031,116,297,48.425200051213004,297
270530249032,107,245,56.49778756730214,245
270530251001,197,253,76.05261336732617,253
270530251002,106,345,36.60601043544625,345
270530251003,186,188,65.46754921333164,188
270530252011,177,336,70.04998215560087,336
270530252012,183,385,75.18643494673756,385
270530252013,142,474,39.02563260217571,474
270530252051,123,189,47.57099956906519,189
270530252052,157,206,60.72067193304106,206
270530252053,246,295,67.16397844082793,295
270530252054,260,385,41.036569057366385,385
270530252055,117,312,54.00925846556311,312
270530253011,177,189,57.463031594234565,189
270530253012,199,205,115.71084650973737,205
270530253013,189,208,66.70832032063167,208
270530253021,198,234,86.94250974063263,234
270530253022,184,212,58.16356247686347,212
270530253023,231,277,112.35212503553282,277
270530254011,159,369,62.69768735766894,369
270530254012,195,245,64.47480127925948,245
270530254013,131,342,90.2551937563706,342
270530254031,192,457,66.88049042882386,457
270530254032,174,372,65.34523701081817,372
270530254033,164,321,73.33484846919642,321
270530256011,174,254,85.05292469985967,254
270530256012,173,186,58.855755878248644,186
270530256031,116,281,56.05354582896607,281
270530256032,188,203,61.0163912403872,203
270530256033,206,200,66,200
270530256034,156,156,69.39740629158989,156
270530256051,208,224,69.22427319950712,224
270530256052,161,204,68.78953408767936,204
270530256053,168,180,64.21837743200929,180
270530256054,99,207,50.76416058598822,207
270530257011,223,455,75.1265598839718,455
270530257012,291,301,84.94704232638121,301
270530257013,229,232,88.9831444712986,232
270530257014,178,178,93.04837451562494,178
270530257015,270,379,56.66568626602876,379
270530257016,344,352,119.33985084622823,352
270530257021,312,369,52.364109846344185,369
270530257022,156,204,58.70264048575669,204
270530257023,192,382,86.55634003352961,382
270530257024,195,247,94.16474924301556,247
270530257025,226,306,151.16547224812948,306
270530258011,101,124,84.09518416651456,124
270530258012,169,212,43.657759905886145,212
270530258013,146,143,67.64613810115105,143
270530258021,108,112,56.39148871948674,112
270530258022,107,115,44.429719783046124,115
270530258031,158,180,58.44655678480983,180
270530258032,199,224,74.95998932764064,224
270530258033,174,221,81.68843247363729,221
270530258051,202,266,119.99583326099285,266
270530258052,150,160,76.02631123499285,160
270530258053,132,109,51.66236541235796,109
270530259031,204,274,124.90396310766124,274
270530259032,173,181,110.18620603324175,181
270530259033,232,251,110.01363551851198,251
270530259034,252,276,121.83185133617563,276
270530259035,234,237,105.05712731652241,237
270530259051,167,173,74.16198487095663,173
270530259052,167,180,83.79140767405688,180
270530259053,102,116,59.9666574022598,116
270530259054,150,145,120.80149005703531,145
270530259061,185,344,68.41052550594829,344
270530259062,258,256,66.15889962809237,256
270530259063,267,402,99.43842315724842,402
270530259064,322,386,144.45414497341363,386
270530259071,247,242,72.18032973047436,242
270530259072,225,265,119.26860441876563,265
270530259073,193,213,102.80077820717118,213
270530259074,190,198,94.95788540189804,198
270530260051,131,193,55.54277630799526,193
270530260052,181,183,61.163714733492114,183
270530260053,197,261,51.03920062069938,261
270530260061,137,132,60.09991680526688,132
270530260062,102,206,62.52999280345393,206
270530260063,181,163,74.31688906298487,163
270530260071,273,294,118.66760299256069,294
270530260072,150,158,58.111960903070546,158
270530260073,254,308,45.9782557302906,308
270530260131,185,189,48.155996511338024,189
270530260132,215,209,57.06137047074842,209
270530260133,171,179,57.436921923097515,179
270530260134,180,169,51.0098029794274,169
270530260141,250,266,50.68530358989675,266
270530260142,221,226,53.9351462406472,226
270530260143,228,223,93.43446901438462,223
270530260151,302,299,98.5393322486001,299
270530260152,287,303,91.55326318597278,303
270530260153,227,250,105.27107864936124,250
270530260161,282,348,109.46232228488486,348
270530260162,378,458,141.13468744429912,458
270530260163,276,352,118.0889495253472,352
270530260181,359,402,94.99473669630333,402
270530260182,304,313,171.91567700474556,313
270530260183,313,337,106.01414999895061,337
270530260191,195,439,68.83313155741209,439
270530260192,615,679,71.30918594402827,679
270530260193,103,408,51.526692111953004,408
270530260201,243,255,173.36377937735438,255
270530260202,176,561,101.46920715172658,561
270530260203,219,507,107.9027339783381,507
270530260211,210,212,45.0111097397076,212
270530260212,263,273,96.56603957913983,273
270530260221,460,456,109.73149046650191,456
270530260222,322,324,67.7347768875044,324
270530260223,286,354,79.77468270071653,354
270530261011,166,206,86.10458756651704,206
270530261012,161,164,76.249590162833,164
270530261013,169,183,51.468436929831086,183
270530261031,139,217,76.34788798650555,217
270530261032,254,240,94.40338976964757,240
270530261041,234,230,126.89759650994182,230
270530261042,237,317,111.91961400934154,317
270530261043,203,225,85.0235261559999,225
270530262011,204,201,84.78797084492588,201
270530262012,245,248,80.54191455385202,248
270530262021,147,147,84.01190391843289,147
270530262022,186,182,89.81091247727082,182
270530262051,119,126,59.430631832414505,126
270530262052,146,149,47.56048780237646,149
270530262053,210,199,68.65857557508748,199
270530262061,153,178,69.53416426476987,178
270530262062,157,157,134.8369385591352,157
270530262063,159,137,48.95916665957459,137
270530262071,250,296,119.11758896149637,296
270530262072,266,270,80.24961059095551,270
270530262081,154,213,61.155539405682624,213
270530262082,138,151,69.04346457123947,151
270530262083,146,151,81.89017035029296,151
270530263011,272,256,119.37755232873558,256
270530263012,164,168,89.82204629154248,168
270530263021,119,129,66.91038783328041,129
270530263022,181,189,49.21381919745713,189
270530263023,161,167,65.90144156238162,167
270530263024,115,145,53.693575034635195,145
270530264021,271,358,93.98404119849285,358
270530264022,322,456,82.04876598706406,456
270530264023,202,222,65.18435395092905,222
270530264024,277,279,162.8158468945821,279
270530264031,175,211,130.33802208104893,211
270530264032,197,207,71.57513534740957,207
270530264041,288,275,112.87603820120549,275
270530264042,305,320,173.16177407268614,320
270530264043,225,275,135.71293232407882,275
270530265051,154,163,103.49396117648604,163
270530265052,234,216,87.18371407550839,216
270530265071,327,381,134.71822445385777,381
270530265072,349,439,147.75317255477123,439
270530265081,230,237,137.65899897936205,237
270530265082,248,243,136.12861565446113,243
270530265083,378,348,133.5514881983724,348
270530265091,254,244,73.51190379795642,244
270530265092,206,226,68.92749814116279,226
270530265101,205,227,44.40720662234904,227
270530265102,159,157,75.3657747256671,157
270530265103,210,187,95.12097560475291,187
270530265111,167,240,32.55764119219941,240
270530265112,145,371,38.65229618017538,371
270530265113,187,182,56.4003546088143,182
270530265121,186,180,76.2299153875957,180
270530265122,159,167,69.68500556073738,167
270530265123,312,317,93.09135298189624,317
270530265124,223,259,60.44832503882965,259
270530265125,240,237,89.59910713840847,237
270530265126,192,197,56,197
270530265127,139,293,81.35723692456621,293
270530265141,187,239,61.11464636239009,239
270530265142,229,236,39.242833740697165,236
270530265143,207,199,61.7980582219215,199
270530265144,286,296,108.5679510721281,296
270530266051,174,200,61.87083319303208,200
270530266052,143,185,109.3937841012916,185
270530266061,230,234,59,234
270530266062,221,254,67.47592163134935,254
270530266063,264,271,73.20519107276478,271
270530266091,214,210,74.33034373659252,210
270530266092,126,287,46.71188285650665,287
270530266093,240,244,62.23343153000644,244
270530266101,199,172,54.89080068645383,172
270530266102,179,179,81.32035415564789,179
270530266103,151,191,103.22790320451152,191
270530266104,130,148,57.21887800367987,148
270530266111,254,253,93.05374790947434,253
270530266112,254,308,93.20407716403827,308
270530266113,143,249,103.53743284435828,249
270530266114,242,272,72.72551134230683,272
270530266121,568,689,128.7555824032496,689
270530266122,189,223,105.256828757093,223
270530266123,230,317,95.11571899533746,317
270530266124,271,263,53.898051912847464,263
270530266131,273,428,146.4581851587681,428
270530266132,463,449,152.2333734763833,449
270530267021,125,130,68.1248853210044,130
270530267022,125,129,106.57391800998967,129
270530267061,201,202,81.99390221229869,202
270530267062,223,220,69.26037828369117,220
270530267063,187,192,50.46781152378217,192
270530267071,229,234,55.14526271584895,234
270530267072,204,203,71.69379331573968,203
270530267073,163,160,37.080992435478315,160
270530267074,149,154,64.68384651518491,154
270530267081,198,198,119.43198901466893,198
270530267082,222,228,77.25283166331187,228
270530267083,236,261,85.71464285639881,261
270530267084,194,278,70.07852738178792,278
270530267085,226,233,116.90594510117953,233
270530267101,232,237,69.15923654870693,237
270530267102,179,187,64.13267497929586,187
270530267103,288,281,44.844174649557324,281
270530267104,465,519,182.16750533506243,519
270530267105,245,314,78.58116822750856,314
270530267106,248,248,60.29925372672534,248
270530267111,275,274,76.32823854904552,274
270530267112,173,173,73.824115301167,173
270530267121,180,193,81.25884567233281,193
270530267122,240,225,79.2464510246358,225
270530267131,189,179,55.17245689653489,179
270530267132,192,212,69.62039930939781,212
270530267133,204,203,62.48199740725323,203
270530267134,120,144,60.440052945046304,144
270530267141,538,523,215.89580820386485,523
270530267142,237,228,77.05193054038295,228
270530267143,323,308,158.22136391777187,308
270530267151,448,466,60.19136150644875,466
270530267152,629,617,142.31303524273522,617
270530267153,743,643,168.83127672324224,643
270530267154,401,426,84.95292814258964,426
270530267161,432,439,136.81008734738825,439
270530267162,279,275,93.02687783646186,275
270530267163,517,517,74.93330367733695,517
270530267164,261,251,84.9352694703443,251
270530268071,272,383,153.16657598836633,383
270530268072,169,364,67.72001181334805,364
270530268073,271,229,40.92676385936225,229
270530268074,184,499,72.73926037567333,499
270530268075,210,290,68.70953354520753,290
270530268076,97,150,103.89417693018218,150
270530268091,106,474,53.55371135598354,474
270530268092,51,171,33.51119216023208,171
270530268093,184,384,40.26164427839479,384
270530268101,170,334,79.96249120681522,334
270530268102,132,570,87.98863562983574,570
270530268103,154,208,59.90826320300064,208
270530268104,93,269,70.51241025521678,269
270530268105,99,446,68.1248853210044,446
270530268106,123,271,60.27437266367855,271
270530268111,173,285,63.89835678638379,285
270530268112,259,382,55.59676249567055,382
270530268113,236,396,65.87867636800242,396
270530268114,151,485,84.4748483277715,485
270530268121,279,375,115.00869532344065,375
270530268122,247,430,78.53024894905147,430
270530268123,217,239,98.09689087835557,239
270530268141,135,395,78.51114570556209,395
270530268142,262,413,94.36100889668359,413
270530268143,174,684,89.86656775464388,684
270530268144,299,488,51.57518783291051,488
270530268145,198,326,88.50988645343524,326
270530268151,152,319,53.73081052803875,319
270530268152,143,262,51.15662224971465,262
270530268153,155,282,64.57553716385176,282
270530268154,137,178,47.968739820845826,178
270530268161,202,400,75.87489703452651,400
270530268162,188,520,74.43789357578571,520
270530268163,192,591,133.61511890501015,591
270530268164,221,507,71.07038764492565,507
270530268165,245,402,97.79059259458448,402
270530268181,178,314,73.96620850090939,314
270530268182,164,425,54.70831746635972,425
270530268183,115,453,85.75546629807339,453
270530268184,104,328,81.53526844255803,328
270530268191,137,369,36.124783736376884,369
270530268192,144,493,82.25569889071517,493
270530268201,218,348,69.59885056522126,348
270530268202,263,526,75.57115851963631,526
270530268203,421,655,98.11218069128827,655
270530268204,514,596,123.97177098033245,596
270530268221,180,185,62.984124983998946,185
270530268222,162,239,90.89554444525871,239
270530268223,181,280,104.87611739571598,280
270530268231,232,265,98.50888284819801,265
270530268232,166,364,71.01408311032397,364
270530268233,191,290,56.27610505356603,290
270530269031,119,311,76.11175993235211,311
270530269032,278,355,73.10950690573696,355
270530269033,286,314,89.52653238007156,314
270530269061,288,344,79.97499609252883,344
270530269062,301,398,89.27485648266257,398
270530269063,340,391,88.2779700718135,391
270530269064,442,469,77.18160402582988,469
270530269071,368,305,85.93020423576334,305
270530269072,173,206,78.09609465267773,206
270530269081,282,273,67.34240862933252,273
270530269082,248,291,82.68615361715648,291
270530269083,338,350,64.24173098539609,350
270530269084,218,218,71.00704190430693,218
270530269091,300,301,99.80480950335009,301
270530269092,765,680,261.291025486908,680
270530269093,650,643,238.00630243756152,643
270530269101,243,245,74.83982896827064,245
270530269102,272,245,94.47221813845591,245
270530270021,261,242,118.65496196956957,242
270530270022,184,219,50.86255990411808,219
270530270023,249,311,77.55643106796495,311
270530271011,386,383,76.19711280619497,383
270530271012,330,360,93.5147047260483,360
270530271013,171,171,73.34166619323561,171
270530271021,222,222,54.58021619598075,222
270530271022,305,327,74.33034373659252,327
270530271023,199,213,69.33974329343886,213
270530271024,384,383,61.36774397026503,383
270530272011,244,242,91.95107394696377,242
270530272012,215,214,70.54785609782908,214
270530272013,339,334,114.17530380953667,334
270530272014,318,326,92.73079315955407,326
270530272015,194,206,95.93226777263216,206
270530272016,407,410,112.13830746002903,410
270530272021,100,102,24.73863375370596,102
270530272022,91,90,39.496835316262995,90
270530272031,172,178,64.94613152451807,178
270530272032,177,175,45.332107826572546,175
270530272033,173,172,119.01680553602503,172
270530273001,190,192,142.33762678926468,192
270530273002,136,136,97.88769074812215,136
270530273003,135,135,96.19251530134764,135
270530273004,251,245,77.64019577512668,245
270530274001,129,138,40.38564101261734,138
270530274002,198,202,57.723478758647246,202
270530274003,148,208,56.55970296951709,208
270530274004,121,137,51.40038910358559,137
270530275011,152,179,62.19324722186485,179
270530275012,92,99,34.307433596816885,99
270530275013,143,143,47.148700936505136,143
270530275014,101,102,32.984845004941285,102
270530275031,136,136,48.65182422068057,136
270530275032,190,194,81.14185110040317,194
270530275033,219,255,48.28043081829324,255
270530275034,190,196,90.81850031794183,196
270530275041,164,176,67.7126280689208,176
270530275042,214,201,70.22107945624305,201
270530275043,159,152,92.66067126888301,152
270530276011,119,119,50.547007824400445,119
270530276012,114,116,60.663003552412405,116
270530276013,134,135,44.294469180700204,135
270530276014,193,184,82.35897036753191,184
270530276021,245,245,41.13392760240627,245
270530276022,207,213,75.39893898457723,213
270530276023,371,363,77.55643106796495,363
270530276024,189,216,77.1621668954417,216
270530276025,220,217,95.83840566286565,217
270530276026,97,100,81,100
270530277001,269,290,122.34786471369249,290
270530277002,315,329,75.82216034906945,329
270530277003,379,392,54.589376255824725,392
270530277004,246,237,93.46122190513026,237
270530277005,382,388,75.47184905645283,388
270531002001,145,248,65.79513659838392,248
270531002002,154,265,51.78802950489621,265
270531002003,147,175,102.50853622991599,175
270531004001,109,270,31.480152477394387,270
270531004002,97,225,39.92492955535426,225
270531004003,106,273,51.66236541235796,273
270531005001,84,98,34.27827300200522,98
270531005002,158,205,61.27805479941412,205
270531007001,169,468,47.92702786528704,468
270531007002,215,278,43.56604182158393,278
270531007003,154,399,36.193922141707716,399
270531007004,50,170,37.656340767525464,170
270531008001,169,493,33.88214869219483,493
270531008002,132,494,43.78355855797927,494
270531008003,280,328,46.45427859734774,328
270531008004,109,553,46.3033476111609,553
270531009001,118,379,51.11751167652823,379
270531009002,126,593,61.85466837676846,593
270531009003,75,466,32.03123475609393,466
270531009004,135,347,164.4901212839239,347
270531009005,64,332,39.56008088970496,332
270531012001,175,213,110.61645447219867,213
270531012002,290,372,54.680892457969264,372
270531012003,224,237,103.21337122679407,237
270531012004,178,220,66.35510530471637,220
270531013001,47,272,31.20897306865447,272
270531013002,46,226,46.2709412050371,226
270531016001,136,209,48.82622246293481,209
270531016002,53,264,31.400636936215164,264
270531016003,112,309,30.708305065568176,309
270531018001,144,369,45.53020975132884,369
270531018002,166,546,47.59201613716318,546
270531018003,203,348,45.93473631142341,348
270531019001,193,203,72.37402849088892,203
270531019002,148,151,86.33075929238663,151
270531019003,174,207,47.23346271447817,207
270531020001,55,177,35.608987629529715,177
270531020002,99,278,51.92301994298868,278
270531020003,69,277,28.284271247461902,277
270531021001,35,229,36.42801120017397,229
270531021002,78,180,42.09513035969837,180
270531021003,67,242,35.6931365951495,242
270531023001,96,153,38.34057902536163,153
270531023002,77,168,61.07372593840988,168
270531025001,92,129,40.66939881532551,129
270531025002,222,365,39.30648801406709,365
270531025003,149,276,90.2884267223657,276
270531026001,108,133,31.78049716414141,133
270531026002,201,209,36.41428291206625,209
270531028001,91,337,40.01249804748511,337
270531028002,204,300,70.13558298039591,300
270531028003,32,316,82.516664983505,316
270531029001,97,180,38.8329756778952,180
270531030001,106,155,69.74955196988724,155
270531030002,119,125,47.885279575251516,125
270531031001,192,233,66.89544080129826,233
270531034001,111,361,59.74110812497538,361
270531034002,70,235,52.3450093132096,235
270531034003,88,272,66.58828725834597,272
270531036001,109,125,60,125
270531036002,117,132,90.12213934433647,132
270531037001,355,434,34.79942528261063,434
270531037002,141,176,50.62608023538856,176
270531037003,167,151,77.9487010796203,151
270531039001,295,347,35.608987629529715,347
270531039002,296,280,33.88214869219483,280
270531040001,402,472,56.55970296951709,472
270531040002,311,467,50.714889332423866,467
270531040003,373,471,62.13694553162394,471
270531040004,147,284,31.176914536239792,284
270531040005,329,381,37.92097045171708,381
270531041001,317,440,76.00657866263946,440
270531041002,134,349,67.02984409947557,349
270531044001,166,191,37.242448899072144,191
270531044002,175,251,49.49747468305833,251
270531048001,229,349,81.51686941977103,349
270531048002,9,241,143.85756844879592,241
270531048003,177,512,42.69660408041839,512
270531048004,51,787,114.21908772179893,787
270531048005,249,288,53.50700888668698,288
270531049001,235,447,45.24378410345447,447
270531049002,315,456,31.176914536239792,456
270531049003,200,257,60.11655346075655,257
270531049004,240,297,31.176914536239792,297
270531049005,305,364,31.176914536239792,364
270531051001,163,162,52.15361924162119,162
270531051002,214,210,58.05170109479997,210
270531051003,166,172,99.7997995989972,172
270531052011,223,226,154.983870128475,226
270531052012,181,198,49.90991885387112,198
270531052041,128,198,48.08326112068523,198
270531052042,164,300,95.57719393244395,300
270531054001,197,264,58.57473858242988,264
270531054002,177,290,31.480152477394387,290
270531055001,157,185,123.664869708418,185
270531055002,162,160,57.758116312774604,160
270531055003,150,160,53.62835071116769,160
270531055004,217,235,64.53681120105021,235
270531056001,125,202,31.176914536239792,202
270531056002,132,209,43.95452195167182,209
270531056003,199,215,101.13851887386922,215
270531056004,159,208,100.43405796840034,208
270531057001,109,139,40.95119045888654,139
270531057002,148,172,67.61656601750786,172
270531057003,180,330,39.11521443121589,330
270531060001,122,350,58.23229344616267,350
270531060002,96,326,84.2140130857092,326
270531060003,58,217,61.84658438426491,217
270531062001,155,307,62.4099351065197,307
270531062002,162,231,49.36598018878993,231
270531062003,103,236,55.65069631190611,236
270531064001,67,149,84.95881355103778,149
270531064002,144,144,71.18286310622803,144
270531065001,261,251,156.09612423119287,251
270531065002,402,368,67.49814812274482,368
270531065003,326,339,139.06113763377604,339
270531066001,139,145,41.773197148410844,145
270531066002,138,182,91.79324593890337,182
270531066003,97,158,79.012657213892,158
270531067001,133,158,38.93584466786357,158
270531067002,250,237,49.91993589739474,237
270531067003,224,271,66.80568838055633,271
270531067004,240,266,66.40783086353596,266
270531069001,127,170,46.551047249229526,170
270531069002,174,197,30.099833886584822,197
270531070001,182,304,45.92385001282014,304
270531070002,179,415,39.11521443121589,415
270531070003,189,255,39.786932528155525,255
270531074001,96,252,31.336879231984796,252
270531074002,83,122,40.69397989875161,122
270531075001,101,120,44.48595283907045,120
270531075002,115,109,41.677331968349414,109
270531076001,116,133,68.08817812219681,133
270531076002,132,126,65.54387843269576,126
270531076003,131,152,39.72404813208241,152
270531076004,203,276,66.63332499583073,276
270531080001,162,185,38.28837943815329,185
270531080002,224,233,51.536394906900505,233
270531080003,152,151,48.53864439804639,151
270531080004,138,143,70.14271166700073,143
270531086001,129,184,51.03920062069938,184
270531086002,108,398,37.68288736283355,398
270531086003,119,272,60.37383539249432,272
270531087001,124,205,48.86716689148246,205
270531087002,197,237,45.79301256742124,237
270531087003,233,321,122.49081598226049,321
270531088001,83,163,46.636895265444075,163
270531088002,133,159,45.46427168667722,159
270531088003,174,185,42.43819034784589,185
270531088004,183,297,72.2357252334328,297
270531089001,158,192,66.57326790837296,192
270531089002,107,107,38.742741255621034,107
270531089003,143,188,62.12889826803627,188
270531090001,108,113,34.07345007480164,113
270531090002,89,93,47.74934554525329,93
270531091001,199,253,84.63450832845902,253
270531091002,185,186,43.22036556994862,186
270531091003,194,194,53.150729063673246,194
270531091004,232,232,70.6257743320383,232
270531091005,199,277,46.54030511288038,277
270531091006,208,205,74.23610981186985,205
270531092001,178,175,50.11985634456667,175
270531092002,200,209,123.10564568694646,209
270531092003,164,206,67.87488489861327,206
270531093001,182,225,65.87867636800242,225
270531093002,121,166,49.29503017546495,166
270531093003,131,129,40.43513323831146,129
270531093004,125,147,38.65229618017538,147
270531093005,137,209,52.905576265645195,209
270531094001,87,237,34.45286635390443,237
270531094002,62,182,38.157568056677825,182
270531097001,74,242,32.07802986469088,242
270531097002,81,113,31.32091952673165,113
270531097003,109,186,34.307433596816885,186
270531098001,130,127,44.13615298142782,127
270531098002,232,241,42.69660408041839,241
270531098003,144,138,48.03123983409131,138
270531098004,153,150,52.32590180780452,150
270531098005,207,235,60.174745533321534,235
270531099001,130,162,48.95916665957459,162
270531099002,205,213,53.45091205957107,213
270531099003,191,192,50.79370039680118,192
270531099004,187,192,72.3394774656273,192
270531100001,114,189,42.906875905849866,189
270531100002,186,296,41.15823125451335,296
270531101001,175,224,48.041648597857254,224
270531101002,136,241,58.68560300448484,241
270531101003,162,403,46.79743582719036,403
270531102001,172,229,64.85368146836385,229
270531102002,111,111,64.4437739428721,111
270531102003,115,120,62.048368229954285,120
270531102004,210,194,45.93473631142341,194
270531104001,125,124,44.654227123532216,124
270531104002,195,186,33.98529093593286,186
270531104003,143,197,80.83316151184488,197
270531104004,99,270,36.851051545376556,270
270531105001,191,190,38.93584466786357,190
270531105002,291,277,104.10571550111935,277
270531105003,291,303,77.15568676384133,303
270531105004,122,200,105.90561835898981,200
270531105005,264,265,72.12489168102785,265
270531108001,161,176,39.370039370059054,176
270531108002,143,141,44.07947368106838,141
270531108003,168,173,57.89645930452051,173
270531108004,152,188,51.254268114957995,188
270531108005,186,193,42.62628297189423,193
270531108006,95,124,52.364109846344185,124
270531109001,167,220,65.45227268781429,220
270531109002,147,191,44.73253849269008,191
270531109003,134,225,57.14017850864661,225
270531111001,114,124,42.20189569201838,124
270531111002,145,165,40.22437072223753,165
270531111003,208,218,85.61541917201598,218
270531111004,139,147,55.41660400998964,147
270531112001,166,167,68.78953408767936,167
270531112002,115,125,51.332251070842396,125
270531112003,193,198,54.249423960075376,198
270531113001,129,139,47.791212581394085,139
270531113002,138,153,70.32780389006896,153
270531113003,162,175,48.010415536631214,175
270531113004,185,202,48.54894437575342,202
270531113005,104,128,47.06378650300037,128
270531113006,124,142,33.88214869219483,142
270531114001,198,192,54.415071441651165,192
270531114002,126,202,54.699177324709375,202
270531114003,196,200,48.07286136688766,200
270531114004,194,189,68.22756041366274,189
270531115001,260,290,62.91263784010332,290
270531115002,246,251,100.81666528902848,251
270531115003,250,242,86.16263691415206,242
270531115004,248,255,92.91393867445294,255
270531115005,168,198,37.080992435478315,198
270531116001,119,153,41.1703777004778,153
270531116002,136,186,44.8998886412873,186
270531116003,147,145,50.53711507397311,145
270531116004,106,98,52.191953402799555,98
270531225001,134,197,61.59545437773797,197
270531225002,188,236,65.62011886609167,236
270531225003,167,178,52.41183072551463,178
270531226001,127,126,59.15234568468101,126
270531226002,107,110,41.20679555607303,110
270531255001,144,232,99.9749968742185,232
270531255002,155,197,50.665570163573605,197
270531255003,241,213,64.07807737440318,213
270531256001,165,173,74.43789357578571,173
270531256002,262,360,67.06713054842886,360
270531257001,73,198,38.98717737923585,198
270531257002,49,543,40.963398296528084,543
270531257003,122,365,50.882216932834204,365
270531258001,172,337,82.99397568498571,337
270531258002,204,480,47.885279575251516,480
270531258003,155,621,65.80273550544841,621
270531259001,118,447,49.36598018878993,447
270531259002,102,644,112.04017136723775,644
270531259003,68,601,45.332107826572546,601
270531260001,80,256,52.507142371300304,256
270531260002,110,446,100.87616170334793,446
270531260003,98,317,104.21612159354233,317
270531260004,97,610,84.60496439334987,610
270531261001,270,343,110.15897603009934,343
270531261002,159,223,58.35237784358063,223
270531261003,136,255,123.66082645688569,255
270531261004,193,322,80.05623023850174,322
270531262001,311,326,96.56086163658648,326
270531262002,290,406,51.40038910358559,406
271230301001,152,196,48.12483766206386,196
271230301002,314,394,98.48857801796105,394
271230301003,105,170,59.413803110051795,170
271230301004,176,186,64.5600495662759,186
271230301005,187,241,66.82065548915246,241
271230302011,219,226,93.61089680160104,226
271230302012,239,298,60.92618484691127,298
271230302013,267,202,98.99494936611666,202
271230302014,259,257,167.9374883699289,257
271230302021,232,152,60.266076693277455,152
271230303001,291,342,58.540584213005594,342
271230303002,245,314,66.30987860040162,314
271230303003,206,218,79.42921376924235,218
271230303004,136,314,59.724366886556446,314
271230303005,148,186,55.380501984001555,186
271230303006,268,266,67.7864293203293,266
271230303007,284,293,70.78135347674555,293
271230304001,215,583,79.91870869827665,583
271230304002,238,618,69.27481504847198,618
271230304003,263,618,97.082439194738,618
271230305001,116,548,44.82186966202994,548
271230305002,136,500,77.92945527847606,500
271230305003,88,308,73.00684899377592,308
271230305004,83,291,57.15767664977295,291
271230306011,113,527,52.44044240850758,527
271230306012,158,600,82.61355820929153,600
271230306021,224,210,48.33218389437829,210
271230306022,133,150,46.281745861624536,150
271230306023,188,196,39.433488306260706,196
271230306024,242,341,72.131823767322,341
271230307021,157,345,40.779897008207364,345
271230307022,146,322,74.06078584514209,322
271230307023,161,272,47.738873049120045,272
271230307024,122,241,55.31726674375732,241
271230307025,126,340,60.45659600076736,340
271230307031,193,257,61.95966429863868,257
271230307032,156,372,63.490156717399906,372
271230307033,172,349,66.73829485385434,349
271230307041,117,301,54.378304497290095,301
271230307042,130,219,41.09744517606904,219
271230307043,149,349,54.57105459856901,349
271230308001,95,438,46.75467891024384,438
271230308002,158,476,49.749371855331,476
271230308003,153,291,62.112800613078136,291
271230308004,160,372,55.31726674375732,372
271230309001,149,304,59.95831885568507,304
271230309002,97,575,36.124783736376884,575
271230309003,236,458,54.7905101272109,458
271230310001,133,310,37.8549864614954,310
271230310002,133,524,46.3033476111609,524
271230310003,130,317,56.87706040223949,317
271230310004,60,228,68.10286337592568,228
271230310005,103,239,56.45352070508977,239
271230311001,192,358,60.07495318350236,358
271230311002,150,266,49.749371855331,266
271230311003,212,341,56.91221310052878,341
271230312001,149,329,69.4334213473598,329
271230312002,96,193,39.179076048319466,193
271230312003,176,203,44.46346815083142,203
271230313001,97,248,48.07286136688766,248
271230313002,98,342,30.01666203960727,342
271230314001,90,236,32.55764119219941,236
271230314002,90,293,31.480152477394387,293
271230315001,61,245,34.08812109811862,245
271230315002,104,430,47.22287581247038,430
271230315003,131,280,31.336879231984796,280
271230316001,135,360,47.92702786528704,360
271230316002,69,330,57.48912940721924,330
271230316003,91,268,40.27406113120453,268
271230316004,134,303,69.41901756723442,303
271230317011,125,417,41.48493702538308,417
271230317012,104,315,35.651086939951774,315
271230317021,150,537,106.95326081985533,537
271230317022,114,442,46.281745861624536,442
271230317023,149,512,55.72252686302013,512
271230317024,116,490,72.6773692424265,490
271230318011,114,318,55.89275444992848,318
271230318012,101,411,36.796738985948195,411
271230318013,142,189,47.74934554525329,189
271230318014,144,337,38.600518131237564,337
271230318021,159,253,47.49736834815167,253
271230318022,157,251,55.731499172371095,251
271230318023,156,364,50.941142507800116,364
271230318024,80,338,47.75981574503821,338
271230319001,161,207,52.15361924162119,207
271230319002,116,227,38.27531841800928,227
271230320001,145,223,39.4715087119811,223
271230320002,261,292,67.15653356152326,292
271230320003,140,217,49.86983055916673,217
271230321001,151,343,46.70117771534247,343
271230321002,260,285,45.70557952810576,285
271230322001,94,135,60.207972893961475,135
271230322002,207,201,54.26785420486054,201
271230322003,198,196,43.31281565541543,196
271230323001,166,403,40.74309757492672,403
271230323002,269,314,33.331666624997915,314
271230323003,176,261,31.937438845342623,261
271230323004,195,205,36.11094017053558,205
271230324001,83,316,76.15773105863909,316
271230324002,152,312,57.34980383575867,312
271230325001,95,308,54.57105459856901,308
271230325002,161,333,35.185224171518364,333
271230325003,141,272,62.25752966509352,272
271230325004,108,142,38.24918299781056,142
271230326001,113,309,53.5723809439155,309
271230326002,105,272,30.54504869860253,272
271230326003,72,218,34.322004603461025,218
271230327001,42,351,45.48626166217664,351
271230327002,91,381,50.309044912421065,381
271230330001,70,161,41.182520563948,161
271230330002,100,290,32.43454948045371,290
271230331001,105,188,30.62678566222711,188
271230331002,87,161,43.162483709814474,161
271230332001,204,251,130.33802208104893,251
271230332002,218,321,74.77967638335967,321
271230333001,197,258,36.90528417449187,258
271230333002,96,139,50.53711507397311,139
271230333003,278,321,38.600518131237564,321
271230334001,119,246,60.03332407921454,246
271230334002,193,256,44.14748010928823,256
271230334003,126,164,37.094473981982816,164
271230335001,135,354,44.48595283907045,354
271230335002,70,327,41.617304093369626,327
271230335003,163,511,70.08566187174092,511
271230336001,36,144,51.39066063011839,144
271230337001,84,175,63.49803146555018,175
271230338001,162,329,60.53924347066124,329
271230338002,84,172,49.36598018878993,172
271230339001,142,151,46.130250378683186,151
271230340001,189,198,40.48456495999432,198
271230340002,109,136,59.388551085204966,136
271230342011,166,244,66.17401302626281,244
271230342021,394,393,88.09086218218096,393
271230342022,127,288,116.54183798104438,288
271230342023,319,391,146.6594695203825,391
271230344001,121,146,31.796226191169293,146
271230344002,93,337,31.85906464414798,337
271230345001,139,376,46.8187996428785,376
271230345002,156,230,43.02324952859791,230
271230345003,247,401,51.807335387954474,401
271230346011,173,444,106.68176976409794,444
271230346012,199,490,64.91532946846992,490
271230346013,96,443,83.15647900193947,443
271230346021,130,322,46.486557196677836,322
271230346022,198,485,64.52131430775415,485
271230346023,178,400,52.28766584960549,400
271230347011,191,362,57.88782255362521,362
271230347012,136,364,39.344631145812,364
271230347013,272,382,54.616847217685496,382
271230347021,266,451,51.536394906900505,451
271230347022,148,362,70.78135347674555,362
271230347023,106,269,38.40572873934304,269
271230349001,209,228,34.55430508634199,228
271230349002,147,156,47.12748667179272,156
271230349003,219,216,49,216
271230350001,290,280,46.281745861624536,280
271230350002,135,137,47.89572005931219,137
271230350003,157,201,49.82971001320397,201
271230351001,210,253,72.41546796092669,253
271230351002,174,162,61.7008914036094,162
271230352001,184,169,48.98979485566356,169
271230352002,177,202,54.76312628037227,202
271230352003,135,163,47.45524207081869,163
271230353001,197,223,48.744230427815765,223
271230353002,201,197,42.649736224272246,197
271230353003,145,176,44.28317965096906,176
271230353004,164,178,50.269274910227224,178
271230355001,174,185,75.65051222562872,185
271230355002,153,165,64.41273166075166,165
271230357001,162,189,50.80354318352215,189
271230357002,165,193,68.59300255857006,193
271230358001,177,203,65.85590330410783,203
271230358002,112,205,50.23942674832188,205
271230358003,183,188,70.50531894828929,188
271230359001,63,98,47.885279575251516,98
271230360001,151,228,43.70354676682432,228
271230360002,199,207,97.70363350459388,207
271230361001,83,312,48.774993593028796,312
271230363001,169,174,48.321837713398274,174
271230363002,165,162,57.30619512757761,162
271230363003,140,142,47.34976240700686,142
271230363004,274,273,98.44795579391175,273
271230364001,167,181,66.73829485385434,181
271230364002,185,193,55.12712580935088,193
271230364003,110,110,44.51965857910413,110
271230364004,162,209,59.30430001273095,209
271230365001,166,191,56.90342696182718,191
271230365002,168,168,53.422841556772326,168
271230365003,126,127,44.12482294582042,127
271230365004,153,153,60.37383539249432,153
271230366001,175,183,100.8265837961398,183
271230366002,281,280,53.028294334251406,280
271230366003,111,102,52.92447448959697,102
271230366004,185,190,42.906875905849866,190
271230367001,155,176,59.28743543112655,176
271230367002,139,176,31.85906464414798,176
271230367003,285,354,100.65783625729296,354
271230367004,229,361,63.00793600809346,361
271230368001,180,290,52.79204485526205,290
271230368002,187,199,41.44876355212541,199
271230369001,140,119,73.62744053679987,119
271230369002,147,144,36.02776706930364,144
271230370001,123,208,61.82232606429493,208
271230370002,116,142,36.701498607005135,142
271230370003,166,171,40.59556626036888,171
271230370004,151,175,44.49719092257398,175
271230371001,149,331,126.12295588036304,331
271230371002,154,359,53.637673327615545,359
271230371003,136,271,43.657759905886145,271
271230371004,146,153,48.19751030914356,153
271230371005,166,263,37.8549864614954,263
271230372001,188,414,58.60034129593445,414
271230372002,170,210,37.49666651850535,210
271230372003,136,370,47.62352359916263,370
271230372004,205,428,34.85685011586675,428
271230372005,116,347,68.24954212300622,347
271230374021,125,183,77.96794213008319,183
271230374022,150,227,65.03076195155643,227
271230374023,187,298,91.6951470907812,298
271230374031,150,228,73.70210309075311,228
271230374032,228,366,49.91993589739474,366
271230374033,154,695,117.5627492022877,695
271230374034,321,396,81.51686941977103,396
271230374035,179,487,142.34465216508838,487
271230375001,250,376,92.21713506718802,376
271230375002,241,300,80.01249902359005,300
271230375003,186,183,76.06576102294646,183
271230375004,208,212,78.08328886515987,212
271230375005,219,259,95.44631999192006,259
271230375006,124,211,74.13501197140255,211
271230376011,299,365,103.93267051317406,365
271230376012,223,224,85.60373823613078,224
271230376013,299,289,63.773035054010094,289
271230376021,253,463,138.78400484205665,463
271230376022,182,209,76.32823854904552,209
271230376023,94,489,45.58508528016593,489
271230376024,472,487,100.88607436113271,487
271230401001,330,322,114.51200810395389,322
271230401002,162,164,115.08257904652642,164
271230401003,311,312,79.83107164506812,312
271230401004,259,259,99.6493853468249,259
271230401005,237,258,101.32127121192272,258
271230402001,129,129,42.49705872175156,129
271230402002,133,144,80.23091673413684,144
271230403011,120,207,46.14108798023731,207
271230403012,148,152,38.36665218650175,152
271230403021,413,419,105.90089706891061,419
271230403022,251,282,101.81846590869458,282
271230403023,378,389,100.43405796840034,389
271230404011,170,163,55.14526271584895,163
271230404012,202,202,64.67611614808051,202
271230404013,188,199,95.14199913813037,199
271230404021,322,337,188.63721796082552,337
271230404022,312,375,133.82824813917276,375
271230405021,191,194,78.12169993030106,194
271230405022,288,288,110.9684639886486,288
271230405023,183,185,72.40856302952021,185
271230405031,203,212,112.50777750893491,212
271230405032,197,225,55.65968020030299,225
271230405041,269,305,71.90966555338719,305
271230405042,249,255,82.48030067840442,255
271230406011,242,302,97.8417088975862,302
271230406012,215,223,126.53458025377884,223
271230406013,408,340,260.87161593396854,340
271230406031,314,348,137.6081392941566,348
271230406032,327,363,149.9466571818125,363
271230406033,278,284,109.6904736064167,284
271230406041,398,434,35.14256678161116,434
271230406042,233,282,129.05037776000503,282
271230406043,468,513,90.77444574328173,513
271230406044,431,476,94.30800602281866,476
271230406045,316,370,104.37432634513145,370
271230407031,325,380,128.2380598730346,380
271230407032,302,307,172.43839479651857,307
271230407033,245,251,103.65809182114053,251
271230407041,156,156,79.12016177940993,156
271230407042,429,375,95.0420959364849,375
271230407043,272,358,144.1665703275208,358
271230407051,194,210,119.1217864204529,210
271230407052,192,189,64.56779382943171,189
271230407061,125,124,42.567593307585526,124
271230407062,172,175,85.77878525602937,175
271230407063,231,225,86.6717947200818,225
271230407071,218,224,75.07995737878386,224
271230407072,188,196,95.05261700763425,196
271230407073,227,228,56.94734409961539,228
271230408011,161,243,48.394214530251446,243
271230408012,235,275,127.23207142855138,275
271230408031,162,159,72.55342858886821,159
271230408032,243,241,141.1913595090011,241
271230408033,204,206,67.11929677819934,206
271230408034,192,197,72.84229540589725,197
271230409011,130,168,57.271284253105414,168
271230409012,118,189,37.92097045171708,189
271230409021,207,292,80.84553172563095,292
271230409022,242,243,47.56048780237646,243
271230410011,234,240,90.04443347592343,240
271230410012,248,265,74.24284477308234,265
271230410021,212,277,78.77816956492453,277
271230410022,229,237,74.13501197140255,237
271230411031,165,160,102.39628899525607,160
271230411032,142,157,80.39278574598593,157
271230411041,229,229,100.46392387319938,229
271230411042,198,222,69.61321713582845,222
271230411051,321,317,174.37603046290508,317
271230411052,229,259,80.92589202474076,259
271230411053,267,317,116.55041827466772,317
271230411061,200,202,101.65628362280415,202
271230411062,227,195,58.94913061275798,195
271230411071,312,387,147.70240350109404,387
271230411072,184,283,44.294469180700204,283
271230411073,205,226,84.39786727163192,226
271230411074,245,433,90.033327162779,433
271230412001,258,327,98.63062404750362,327
271230412002,191,386,55.190578906186516,386
271230412003,178,305,82.99397568498571,305
271230413011,213,307,68.81860213634101,307
271230413012,178,182,95.83318840568751,182
271230413013,122,158,75.64390259630977,158
271230413021,209,259,118.1482120050913,259
271230413022,177,305,90.97252332435328,305
271230414001,299,296,95.60857702110204,296
271230414002,372,475,60.63827174318213,475
271230414003,318,414,138.18465906170627,414
271230414004,264,263,100.40418317978589,263
271230415001,252,272,149.6094916775002,272
271230415002,307,346,123.70529495538985,346
271230415003,238,248,127.59702190882042,248
271230416011,288,307,156.6397139936102,307
271230416012,221,351,123.70529495538985,351
271230416013,360,332,134.35400998853737,332
271230416021,195,252,90.91754506144565,252
271230416022,172,322,88.45903006477066,322
271230417001,184,208,80.01874780324921,208
271230417002,128,136,67.66091929614909,136
271230417003,173,235,76.14459928320589,235
271230418001,149,179,58.32666628567074,179
271230418002,173,224,47.61302342846965,224
271230418003,200,273,70.12845356914696,273
271230418004,100,125,53.79591062525106,125
271230419001,143,160,68.41052550594829,160
271230419002,165,174,66.40783086353596,174
271230419003,172,185,79.04429138147802,185
271230420011,136,169,53.67494760127857,169
271230420012,59,97,31.176914536239792,97
271230420021,114,156,50.22947341949744,156
271230420022,140,157,69.65629906907199,157
271230421011,362,431,127.82800945019835,431
271230421012,288,386,107.99074034379059,386
271230421013,256,258,128.35887191776033,258
271230421014,123,116,81.13568881817667,116
271230421021,275,289,100.05498488331304,289
271230421022,196,248,68.63672486358888,248
271230422011,123,126,60.390396587537,126
271230422021,226,234,61.106464469808756,234
271230422022,241,443,124.4789138770097,443
271230422023,113,358,49.467160824126545,358
271230423011,134,233,79.92496481075234,233
271230423012,188,234,92.50405396521819,234
271230423021,185,291,68.87670143089025,291
271230423022,121,193,50.19960159204453,193
271230423023,118,316,48.05205510693585,316
271230423024,131,195,60.0416522091123,195
271230423025,124,250,39.14077158156185,250
271230424011,346,377,163.1165227682346,377
271230424012,411,411,195.05896544378575,411
271230424021,271,397,102.18121158021175,397
271230424022,222,231,77.42092740338364,231
271230424023,345,412,140.03213916812098,412
271230424024,219,268,123.64869590901475,268
271230425011,122,202,53.54437412091022,202
271230425012,261,405,102.5426740435415,405
271230425013,302,475,92.94084139924708,475
271230425014,184,302,107.5220907534819,302
271230425031,205,215,78.11529939774923,215
271230425032,120,122,34.10278580995987,122
271230425041,170,216,48.41487374764082,216
271230425042,235,275,112.32987136109433,275
271230426011,266,323,99.03534722511958,323
271230426012,224,290,79.46068210127572,290
271230426013,304,473,31.176914536239792,473
271230426021,141,195,44.77722635447622,195
271230426022,102,198,42.13074886588179,198
271230426023,91,204,76.54410493303844,204
271230427001,280,303,96.64884893261792,303
271230427002,296,414,144.44722219551335,414
271230427003,169,296,100.97029266076235,296
271230428001,84,118,54.405882034941776,118
271230428002,39,157,50.97057974949863,157
271230429001,216,232,50.714889332423866,232
271230429002,136,154,57.48043145279966,154
271230429003,217,218,69.6419413859206,218
271230429004,166,169,51.01960407529639,169
271230430001,280,293,73.5255057786072,293
271230430002,238,238,113.44161493913951,238
271230430003,280,272,85.61541917201598,272
271230430004,146,145,70.83784299369935,145
271230430005,198,215,102.76672613253767,215
271230430006,174,189,87.73254812211943,189
271239800001,9,9,31.176914536239792,9
271390801001,180,186,67.512961718473,186
271390801002,148,284,75.3657747256671,284
271390802011,150,172,33.66006535941367,172
271390802012,157,180,57.56735185849702,180
271390802021,236,323,61.96773353931867,323
271390802022,231,285,58.48076606885378,285
271390802031,497,536,38,536
271390802032,336,343,118.59173664298875,343
271390802033,372,417,38.301436004411116,417
271390802034,207,439,53.97221507405454,439
271390802041,241,240,79.9937497558403,240
271390802042,198,191,43.104524124504614,191
271390802051,430,389,38.301436004411116,389
271390802052,208,278,64.45928947793328,278
271390802053,332,335,66.79071791798619,335
271390802054,219,298,81.3142054010245,298
271390802055,189,330,100.269636480841,330
271390803011,520,682,107.94443014810908,682
271390803012,613,737,107.74042880924505,737
271390803013,317,423,74.65922581972036,423
271390803021,604,677,92.7523584605804,677
271390803022,307,413,212.0919611866513,413
271390803023,676,668,137.10215169719257,668
271390804001,185,222,30.01666203960727,222
271390804002,262,334,76.48529270389177,334
271390804003,189,192,57.02630971753301,192
271390805001,170,183,80.79603950689662,183
271390805002,166,192,68.044103344816,192
271390806001,310,350,75.21967827636595,350
271390806002,246,358,51.19570294468082,358
271390807001,201,249,42.08325082500163,249
271390807002,144,209,24.79919353527449,209
271390809031,481,482,165.50226584551643,482
271390809032,302,391,134.06714735534578,391
271390809033,351,352,77.95511529078769,352
271390809041,253,255,126.68070097690493,255
271390809042,653,681,154.5897797398004,681
271390809043,342,354,72.11795892841117,354
271390809051,326,280,60.61352984276695,280
271390809052,181,187,41.2674205639267,187
271390809053,146,145,64.13267497929586,145
271390809061,238,267,72.09022125087424,267
271390809062,199,207,90.69178573608527,207
271390809063,279,247,71.72168430816443,247
271390811001,154,136,41.78516483155236,136
271390811002,176,178,41.46082488325576,178
271390811003,159,159,78.40280607223188,159
271390811004,201,154,109.98181667894016,154
271630701031,417,392,103.61467077590895,392
271630701032,243,294,50.00999900019995,294
271630701033,223,224,58.32666628567074,224
271630701034,314,387,61.91930232165088,387
271630701041,159,169,69.93568473962345,169
271630701042,169,172,85.01764522732913,172
271630701043,160,166,61.44102863722254,166
271630701051,235,229,73.3621155638249,229
271630701052,228,251,70.80254232723568,251
271630701053,162,163,72.04165461731151,163
271630701061,434,444,119.90412836929345,444
271630701062,438,409,101.90682018393078,409
271630701063,542,548,77.45966692414834,548
271630702031,575,440,205.38987316808002,440
271630702032,430,431,124.20547491958638,431
271630702041,254,257,96.33794683301072,257
271630702042,388,369,147.2582765076381,369
271630703011,98,94,36.76955262170047,94
271630703012,80,81,30.44667469527666,81
271630703031,110,110,32.984845004941285,110
271630703032,155,147,84.29709366283039,147
271630703033,206,255,78.14729681825213,255
271630703041,172,177,68.78226515607058,177
271630703042,146,196,42.14261501141095,196
271630703043,195,194,73.5255057786072,194
271630703044,189,191,46.389654018972806,191
271630703045,220,227,104.4222198576529,227
271630704041,135,149,42.17819341792628,149
271630704042,156,145,60.390396587537,145
271630704051,189,193,87.16650732936361,193
271630704052,245,232,90.02777349240623,232
271630704061,230,233,64.07027391856539,233
271630704062,253,244,51.96152422706632,244
271630704063,314,305,60.91797764207213,305
271630705011,174,171,68.02205524680947,171
271630705012,213,238,120.92146211487851,238
271630705021,189,195,83.91066678319271,195
271630705022,223,223,56.55086206239477,223
271630705023,159,171,84.1130192063036,171
271630705024,162,159,62.20128616033595,159
271630706011,390,390,158.56544390250986,390
271630706012,315,349,130.88544609695916,349
271630706021,207,207,43.86342439892262,207
271630706022,188,192,62.81719509815764,192
271630706023,174,244,53.25410782277739,244
271630707011,447,442,360.510748799533,442
271630707012,328,314,89.76079322287654,314
271630707013,321,312,78.56844150166147,312
271630707031,304,302,79.74960814950754,302
271630707032,250,282,100.5186549850325,282
271630707041,135,137,62.23343153000644,137
271630707042,138,142,49.25444142409901,142
271630709061,224,265,86.4060183089118,265
271630709062,174,289,64,289
271630709063,210,261,75.87489703452651,261
271630709071,470,515,75.76278769950325,515
271630709072,219,226,80.87026647662292,226
271630709073,340,348,133.8170392737786,348
271630709074,120,183,50.50742519669756,183
271630709091,270,275,62.0966987850401,275
271630709092,246,339,104.18733128360664,339
271630709093,279,353,81.36952746575342,353
271630709101,269,310,76.31513611335565,310
271630709102,238,304,129.00387591076478,304
271630709111,174,197,50.34878350069642,197
271630709112,223,257,77.90378681424929,257
271630709113,176,250,51.273774973177076,250
271630709114,178,208,51.59457335805772,208
271630709121,164,190,55,190
271630709122,215,222,88.6904729945669,222
271630710011,374,364,72.55342858886821,364
271630710012,305,397,100.83650132764424,397
271630710031,272,263,71.4142842854285,263
271630710032,152,152,50.65570056765576,152
271630710033,304,297,62.473994589749104,297
271630710061,210,281,96.49870465451855,281
271630710062,226,270,94.73119866232032,270
271630710101,153,165,54.249423960075376,165
271630710102,203,200,62.56996084384263,200
271630710103,234,226,57.56735185849702,226
271630710111,132,140,30.95157508108432,140
271630710112,184,152,48.91829923454004,152
271630710121,199,276,91.95107394696377,276
271630710122,273,321,97.34474818910365,321
271630710123,282,374,76.68767828015137,374
271630710131,132,170,55.235857918565905,170
271630710132,244,297,131.07249902248756,297
271630710133,315,303,60.11655346075655,303
271630710141,253,262,83.02409288875127,262
271630710142,238,272,42.1070065428546,272
271630710151,369,421,52.392747589718944,421
271630710152,315,327,88.22131261775694,327
271630710153,258,314,151.8453160291749,314
271630710161,184,205,87.8179936004006,205
271630710162,247,231,54.101755978895916,231
271630710171,376,408,172.89881433948585,408
271630710181,665,822,171.05262348178118,822
271630710182,830,1037,226.86339501999876,1037
271630712061,543,622,157.24821143656928,622
271630712062,346,466,71.9027120489902,466
271630712063,420,420,86.83317338436964,420
271630712071,328,325,109.85444915887567,325
271630712072,374,429,91.02197536858887,429
271630712073,387,398,69.75672010638115,398
271630712081,222,235,74.23610981186985,235
271630712082,234,293,101.43963722332607,293
271630712083,237,271,72.013887549555335,271
271630712091,263,300,78.44106067615353,300
271630712092,200,244,47.58150901348127,244
271630712093,220,217,56.28498911788115,217
271630713001,251,275,85.65628990331066,275
271630713002,263,280,93.70165420097983,280
271630714001,202,217,76.24303246854758,217
271630714002,215,239,84.31488599292535,239
271630714003,161,214,87.19518335321051,214
271630714004,362,390,94.96841580230766,390
271630714005,299,361,111.15754585272202,361
