id,totalwhite,totalppl,under18,total18,built_after_2000,totalhu
270030501091,1663,1735,434,1735,174,566
270030501092,1046,1124,265,1124,127,400
270030501093,1057,1128,216,1128,27,474
270030501094,1218,1293,308,1293,97,437
270030501101,1292,1306,194,1306,73,502
270030501102,1203,1347,310,1347,77,495
270030501111,1519,1553,450,1553,155,560
270030501112,1690,1800,329,1800,126,690
270030501113,447,447,71,447,18,208
270030502081,1291,1621,288,1621,36,569
270030502082,1334,1730,471,1730,143,576
270030502101,1053,1122,266,1122,85,461
270030502102,1017,1150,288,1150,41,415
270030502103,883,883,134,883,47,353
270030502104,707,854,135,854,7,338
270030502191,1245,1292,321,1292,36,435
270030502192,1352,1661,327,1661,64,643
270030502201,2064,2238,581,2238,350,684
270030502202,1369,1645,418,1645,50,589
270030502203,1153,1260,304,1260,0,380
270030502204,1535,1926,675,1926,287,702
270030502211,1870,2055,729,2055,434,707
270030502212,1195,1279,335,1279,84,440
270030502213,3781,3941,1386,3941,593,1076
270030502221,1192,1328,421,1328,0,424
270030502222,962,1052,178,1052,44,375
270030502223,1175,1330,319,1330,9,393
270030502224,1488,1733,592,1733,173,525
270030502231,2673,2874,556,2874,83,947
270030502241,780,802,121,802,0,354
270030502242,2205,2362,636,2362,260,788
270030502251,3543,3887,877,3887,204,1197
270030502252,2749,3000,1024,3000,663,968
270030502261,2866,3132,807,3132,234,1123
270030502271,1027,1256,303,1256,17,421
270030502272,3071,3366,1029,3366,428,1169
270030502281,1814,2001,504,2001,319,773
270030502282,2662,3173,985,3173,428,1171
270030502291,2424,3201,656,3201,234,738
270030502292,2147,2273,518,2273,19,853
270030502301,2082,2350,673,2350,279,766
270030502321,1581,1847,576,1847,273,618
270030502322,1939,2096,596,2096,76,743
270030502331,1100,1108,242,1108,68,417
270030502332,2030,2125,557,2125,307,733
270030502361,2446,2702,861,2702,295,906
270030502362,1537,1652,387,1652,10,550
270030502371,3232,3401,830,3401,340,1338
270030502372,1974,2138,720,2138,125,725
270030504011,1341,1476,276,1476,0,612
270030504012,920,1168,364,1168,0,497
270030504021,796,945,183,945,53,506
270030504022,1461,1574,388,1574,70,697
270030504023,898,1029,191,1029,9,538
270030505011,687,823,71,823,50,425
270030505012,826,1164,306,1164,0,500
270030505013,756,831,105,831,67,342
270030505014,479,587,127,587,9,249
270030505041,1005,1262,280,1262,14,583
270030505042,1263,1381,339,1381,70,592
270030505051,1253,1364,262,1364,0,452
270030505052,585,668,67,668,0,297
270030505053,984,1392,356,1392,88,366
270030505054,1196,1710,473,1710,53,801
270030506021,930,1171,247,1171,0,435
270030506022,1093,1403,286,1403,0,482
270030506051,1179,1334,320,1334,59,472
270030506052,1409,1546,365,1546,0,582
270030506053,1302,1398,340,1398,13,456
270030506054,1562,1943,617,1943,23,687
270030506061,882,1074,242,1074,16,503
270030506062,733,764,140,764,9,367
270030506071,838,946,208,946,0,345
270030506072,1404,1827,506,1827,14,585
270030506073,725,832,149,832,17,341
270030506074,717,1017,217,1017,26,555
270030506081,1443,1766,333,1766,188,1026
270030506082,878,1072,150,1072,0,451
270030506083,1167,1730,497,1730,42,559
270030506091,907,966,175,966,44,576
270030506092,832,894,192,894,63,367
270030506093,1458,1505,356,1505,0,552
270030506101,1170,1253,115,1253,14,735
270030506102,849,1323,383,1323,19,344
270030506103,1305,1694,313,1694,95,651
270030506104,2035,2251,478,2251,17,797
270030507021,1926,2181,355,2181,100,890
270030507022,729,1002,221,1002,9,314
270030507041,890,1004,217,1004,9,348
270030507042,1143,1261,206,1261,0,463
270030507043,723,865,211,865,19,351
270030507044,605,704,142,704,0,295
270030507045,689,902,215,902,78,377
270030507061,1008,1082,220,1082,0,463
270030507062,606,769,221,769,5,277
270030507063,787,1432,406,1432,77,615
270030507071,2497,2748,664,2748,716,1088
270030507072,1641,1681,483,1681,53,532
270030507073,1396,1753,401,1753,58,531
270030507091,1013,1363,224,1363,23,520
270030507092,831,1051,111,1051,22,616
270030507101,564,896,303,896,0,307
270030507102,816,992,176,992,0,333
270030507103,677,714,127,714,0,270
270030507104,861,1017,212,1017,95,531
270030507111,558,616,109,616,10,314
270030507112,842,892,122,892,21,311
270030507113,813,1088,238,1088,9,381
270030507114,823,1155,257,1155,7,309
270030507115,1076,1170,351,1170,31,424
270030507121,922,1224,479,1224,90,370
270030507122,676,759,120,759,34,381
270030507123,672,907,126,907,37,437
270030507124,1120,1405,248,1405,18,527
270030508051,1995,2804,873,2804,49,907
270030508052,763,1114,299,1114,98,400
270030508053,1622,1979,490,1979,67,744
270030508054,713,1022,264,1022,0,346
270030508061,1729,2457,843,2457,283,770
270030508062,439,515,40,515,0,236
270030508063,1428,1515,385,1515,51,530
270030508064,1751,2176,590,2176,174,914
270030508071,482,582,139,582,0,243
270030508072,729,967,161,967,20,380
270030508073,637,869,223,869,0,358
270030508074,813,982,159,982,142,458
270030508081,531,581,78,581,0,253
270030508082,1321,1531,316,1531,5,634
270030508091,1620,2045,400,2045,342,827
270030508092,869,1559,425,1559,147,705
270030508093,1947,2688,886,2688,248,748
270030508101,747,1003,214,1003,17,309
270030508102,688,965,126,965,130,543
270030508103,1104,1413,207,1413,11,769
270030508104,613,857,256,857,7,291
270030508111,883,1176,223,1176,38,492
270030508112,795,859,113,859,30,453
270030508113,803,822,215,822,0,305
270030508131,942,1436,390,1436,143,502
270030508132,2466,2983,1022,2983,296,948
270030508133,435,448,69,448,41,214
270030508134,655,803,250,803,161,367
270030508135,1033,1100,87,1100,65,449
270030508161,1660,2009,685,2009,607,716
270030508162,665,868,183,868,13,351
270030508163,1078,1438,373,1438,0,471
270030508164,875,875,218,875,7,287
270030508181,1005,1182,299,1182,471,510
270030508182,1125,1349,265,1349,586,609
270030508183,2697,3233,1087,3233,799,1011
270030508191,1676,1892,638,1892,394,618
270030508192,2178,2537,664,2537,946,975
270030508201,2101,2324,532,2324,75,815
270030508202,620,796,275,796,243,278
270030508211,1031,1545,587,1545,435,510
270030508212,1256,1405,319,1405,378,663
270030508213,1245,1749,499,1749,732,785
270030509011,941,1240,293,1240,67,517
270030509012,621,698,160,698,13,260
270030509021,718,863,170,863,0,329
270030509022,625,833,207,833,24,422
270030509023,2015,2471,720,2471,214,892
270030509024,775,800,53,800,39,414
270030510011,1256,1743,426,1743,141,827
270030510012,821,932,109,932,22,377
270030510021,694,745,132,745,0,352
270030510022,1009,1275,340,1275,26,662
270030510023,1077,1598,359,1598,0,628
270030511011,763,1450,329,1450,71,663
270030511012,987,1156,188,1156,31,556
270030511013,689,717,136,717,18,307
270030511014,641,721,195,721,16,252
270030511015,459,710,204,710,0,296
270030511021,1756,3303,972,3303,64,1041
270030511022,486,639,155,639,0,223
270030511023,625,829,97,829,7,407
270030511031,820,972,127,972,0,465
270030511032,735,990,314,990,0,356
270030511033,438,1570,453,1570,71,416
270030512011,440,813,147,813,8,391
270030512012,549,1027,242,1027,24,410
270030512013,954,1640,220,1640,48,863
270030512021,704,863,153,863,9,359
270030512022,777,1237,367,1237,0,439
270030512023,720,1067,140,1067,35,538
270030512031,1966,2789,618,2789,33,1007
270030512032,779,1643,317,1643,0,658
270030512033,780,1062,114,1062,15,591
270030512061,1078,1421,131,1421,0,717
270030512062,582,954,280,954,21,328
270030513021,622,728,61,728,10,314
270030513022,1222,2094,444,2094,194,923
270030513023,828,1294,247,1294,0,418
270030513041,718,1022,215,1022,7,455
270030513042,806,1408,313,1408,19,547
270030513051,901,1273,266,1273,51,445
270030513052,483,1037,327,1037,0,461
270030513053,355,886,194,886,65,422
270030514001,855,984,266,984,0,386
270030514002,396,1334,195,1334,222,637
270030514003,425,481,38,481,5,290
270030514004,1117,2098,699,2098,15,757
270030515011,1017,2089,505,2089,42,1031
270030515012,509,928,262,928,68,349
270030515021,621,869,192,869,17,281
270030515022,990,1425,188,1425,75,776
270030515023,423,759,174,759,22,251
270190903011,1323,1386,443,1386,101,498
270190903012,1843,1886,355,1886,152,869
270190903013,3625,3782,1043,3782,558,1520
270190903021,4970,5325,1916,5325,1053,1804
270190904011,2701,2967,835,2967,454,804
270190904012,2832,3029,879,3029,569,1117
270190904021,1389,1443,404,1443,106,515
270190904022,4239,4390,1443,4390,792,1512
270190905011,2237,2441,756,2441,128,842
270190905021,2660,3141,1088,3141,672,1085
270190905031,914,986,205,986,30,385
270190905032,1493,1586,493,1586,135,542
270190906011,1240,1495,208,1495,0,688
270190906012,2667,2758,717,2758,10,1018
270190906021,1308,1463,311,1463,20,559
270190906022,1465,1484,456,1484,33,467
270190907011,2880,3615,911,3615,307,1299
270190907012,1649,1948,440,1948,319,850
270190907013,1231,1269,200,1269,88,449
270190907021,1740,2152,642,2152,587,786
270190907022,722,770,294,770,69,248
270190908001,2056,2216,802,2216,495,734
270190908002,1720,2122,270,2122,406,1313
270190908003,1848,2042,482,2042,47,628
270190908004,926,957,229,957,12,332
270190908005,1276,1476,387,1476,55,556
270190909001,1025,1056,282,1056,94,440
270190909002,891,1020,234,1020,65,495
270190909003,1232,1314,322,1314,31,407
270190909004,1742,1941,512,1941,345,675
270190910001,529,643,70,643,47,301
270190910002,1239,2034,312,2034,217,912
270190910003,1895,3029,938,3029,259,1044
270190910004,4358,5196,1803,5196,1272,1841
270190911001,4333,5025,1560,5025,810,1730
270190911002,1510,1525,337,1525,83,616
270370601011,495,750,146,750,16,265
270370601012,596,1161,303,1161,21,473
270370601013,608,905,340,905,15,312
270370601014,568,858,136,858,70,439
270370601021,606,860,67,860,0,452
270370601022,604,795,267,795,0,330
270370601023,778,918,197,918,12,396
270370601031,988,1125,344,1125,0,448
270370601032,1117,1381,222,1381,7,611
270370601041,916,1477,296,1477,0,553
270370601042,1159,1545,386,1545,30,704
270370601043,606,1671,407,1671,0,819
270370601044,950,1124,159,1124,10,552
270370601051,601,1372,392,1372,11,655
270370601052,1136,2006,428,2006,161,861
270370601053,918,1802,252,1802,76,783
270370602011,711,1025,266,1025,8,361
270370602012,513,785,228,785,41,284
270370602013,870,969,213,969,86,368
270370602021,419,643,159,643,14,255
270370602022,1504,1813,363,1813,86,799
270370602023,860,941,257,941,44,435
270370603011,642,1123,251,1123,50,677
270370603012,524,639,176,639,26,291
270370603013,591,837,243,837,0,354
270370603014,1253,1763,486,1763,26,661
270370603021,588,748,119,748,0,371
270370603022,1849,2306,607,2306,31,769
270370603023,589,662,84,662,19,278
270370604011,867,1111,298,1111,36,450
270370604012,1056,1331,331,1331,25,562
270370604021,526,840,191,840,25,407
270370604022,821,1170,309,1170,0,452
270370604023,562,740,202,740,6,286
270370604024,273,603,143,603,27,267
270370605021,735,854,153,854,41,373
270370605022,865,1638,491,1638,21,721
270370605023,693,1188,322,1188,28,431
270370605024,644,698,138,698,0,311
270370605031,572,881,259,881,69,277
270370605032,1274,1557,424,1557,18,592
270370605033,825,1043,155,1043,0,497
270370605034,1181,1440,294,1440,0,599
270370605051,604,870,100,870,12,535
270370605052,492,520,108,520,32,219
270370605053,850,1577,558,1577,14,622
270370605054,1413,1472,364,1472,302,644
270370605055,854,1647,290,1647,13,682
270370605061,1851,2741,421,2741,881,1393
270370605062,2415,2460,467,2460,218,1136
270370605071,1009,1207,226,1207,107,441
270370605072,2116,2412,471,2412,75,971
270370605081,1194,1280,269,1280,173,446
270370605082,1533,2356,685,2356,313,817
270370605083,1523,1633,654,1633,177,463
270370605084,688,718,162,718,73,265
270370605091,1057,1604,357,1604,175,587
270370605092,1580,1894,438,1894,329,958
270370605093,1525,2037,373,2037,150,862
270370606031,1030,1200,309,1200,9,466
270370606032,1114,1219,236,1219,130,486
270370606033,938,964,180,964,216,483
270370606034,1107,1244,284,1244,0,477
270370606041,1165,1298,161,1298,97,687
270370606042,1970,2088,291,2088,31,925
270370606051,1363,1615,352,1615,107,674
270370606061,1371,1568,310,1568,14,718
270370606062,1156,1191,232,1191,16,487
270370607091,560,1013,262,1013,0,367
270370607092,1926,2112,518,2112,0,807
270370607093,1416,2492,638,2492,0,892
270370607101,1350,1752,416,1752,126,709
270370607102,1372,2251,609,2251,117,980
270370607111,1992,2467,399,2467,80,1239
270370607112,1633,2426,556,2426,299,1065
270370607131,728,810,162,810,0,362
270370607132,1949,2194,489,2194,94,852
270370607141,2095,2540,692,2540,0,869
270370607142,1622,2159,431,2159,23,981
270370607161,979,1910,382,1910,124,763
270370607162,1701,1940,458,1940,52,660
270370607171,630,1114,262,1114,92,507
270370607172,967,1137,302,1137,104,406
270370607211,771,1248,233,1248,178,671
270370607212,1048,1464,259,1464,49,569
270370607251,836,957,166,957,95,458
270370607252,753,897,205,897,0,463
270370607253,1192,1957,423,1957,26,902
270370607261,487,609,117,609,20,229
270370607262,1249,2072,285,2072,203,1100
270370607271,1151,1712,325,1712,104,894
270370607272,1201,1330,307,1330,18,611
270370607281,2063,2478,589,2478,37,960
270370607282,1758,2406,606,2406,179,1116
270370607291,1419,1594,400,1594,18,586
270370607292,1852,2284,448,2284,322,947
270370607301,2170,2471,628,2471,56,945
270370607302,1528,1818,475,1818,23,577
270370607303,1388,1555,462,1555,28,508
270370607311,1704,1885,465,1885,104,716
270370607312,897,1075,248,1075,0,419
270370607313,1176,1313,300,1313,21,572
270370607321,1227,1433,450,1433,22,475
270370607322,2212,2749,803,2749,27,951
270370607323,1148,1234,342,1234,99,417
270370607331,1320,1565,402,1565,23,576
270370607332,1018,1404,335,1404,100,617
270370607333,1062,1205,293,1205,30,523
270370607341,1532,1725,271,1725,50,755
270370607342,2027,2835,726,2835,148,1016
270370607351,1117,1886,368,1886,124,744
270370607352,1009,1219,196,1219,92,623
270370607353,795,1148,307,1148,27,395
270370607354,440,988,324,988,36,394
270370607371,1783,2940,610,2940,335,1425
270370607372,1592,1911,233,1911,11,978
270370607381,1478,1926,514,1926,10,801
270370607382,844,1407,320,1407,9,608
270370607391,769,1530,178,1530,131,538
270370607392,1220,1537,322,1537,41,556
270370607393,1211,2488,1012,2488,122,801
270370607411,1426,2686,850,2686,29,1155
270370607412,646,958,163,958,0,470
270370607413,689,1591,539,1591,0,604
270370607414,1617,1920,260,1920,53,698
270370607421,1336,1521,220,1521,17,610
270370607422,913,941,194,941,19,354
270370607423,583,888,225,888,0,353
270370607431,789,1734,478,1734,14,612
270370607441,1133,1564,391,1564,24,568
270370607451,1168,1706,401,1706,0,614
270370607452,1495,2754,724,2754,362,1353
270370607461,869,1172,92,1172,49,659
270370607462,1950,2311,542,2311,275,926
270370607471,1388,1771,491,1771,18,750
270370607472,1203,1701,367,1701,61,886
270370607481,1882,2601,737,2601,173,941
270370607482,452,826,148,826,0,454
270370607491,1093,1572,160,1572,33,920
270370607501,1300,1765,334,1765,148,853
270370607502,708,1212,406,1212,0,359
270370607503,1050,1638,350,1638,42,838
270370608051,1026,1478,426,1478,86,577
270370608052,542,1733,538,1733,126,603
270370608061,1436,1646,356,1646,37,581
270370608062,2139,2398,602,2398,47,811
270370608063,1410,1836,380,1836,68,737
270370608111,1564,1751,448,1751,0,680
270370608112,973,1246,322,1246,0,429
270370608113,1775,2235,322,2235,211,1092
270370608121,1154,1395,276,1395,31,449
270370608122,1721,2475,614,2475,12,999
270370608123,1583,2053,509,2053,46,723
270370608131,1578,1647,385,1647,190,693
270370608132,2410,2879,690,2879,535,1166
270370608141,1652,2055,443,2055,165,849
270370608142,2408,2859,852,2859,72,851
270370608143,1328,1477,311,1477,153,524
270370608151,1759,2005,540,2005,180,703
270370608152,2891,3174,943,3174,709,1140
270370608161,2254,2694,863,2694,86,795
270370608162,1874,2179,772,2179,254,635
270370608163,1090,1183,434,1183,110,429
270370608171,1393,1438,190,1438,0,696
270370608172,1441,1645,524,1645,0,508
270370608173,2142,2587,816,2587,11,819
270370608174,2585,3398,1215,3398,921,1073
270370608181,2316,2620,813,2620,629,1059
270370608182,3349,4185,1332,4185,746,1484
270370608183,780,837,264,837,0,250
270370608191,1490,1692,486,1692,137,545
270370608192,2735,3092,946,3092,157,927
270370608193,1409,1949,579,1949,73,623
270370608201,2290,2603,638,2603,386,1028
270370608202,1878,1878,608,1878,195,558
270370608203,3432,3570,1088,3570,477,1072
270370608211,3698,4291,1299,4291,927,1658
270370608212,739,847,304,847,158,294
270370608213,1734,2272,677,2272,341,973
270370608221,1268,1352,362,1352,4,499
270370608231,2076,2768,656,2768,149,891
270370608232,985,1066,258,1066,0,387
270370608241,1300,1604,342,1604,91,652
270370608242,1356,2055,526,2055,0,772
270370608251,2647,2769,714,2769,15,991
270370608252,2098,2185,484,2185,117,768
270370608253,1628,1989,478,1989,17,743
270370608261,2641,2992,597,2992,50,1292
270370608262,1271,1694,346,1694,15,629
270370608263,2364,2958,847,2958,624,1141
270370608281,2944,4252,1115,4252,997,1742
270370608291,2366,3179,876,3179,978,1522
270370609021,4714,4946,1573,4946,1412,1780
270370609041,483,490,65,490,7,235
270370609042,1045,1381,250,1381,59,590
270370609043,1416,1546,305,1546,21,676
270370609051,4755,5502,1849,5502,964,1835
270370609061,2836,3266,943,3266,194,1137
270370609071,5176,5831,2156,5831,975,1814
270370609072,1413,1608,504,1608,54,507
270370610031,1458,1578,342,1578,165,604
270370610041,2354,2621,716,2621,308,926
270370610042,2958,3590,1217,3590,673,1142
270370610051,1566,1921,534,1921,37,641
270370610052,520,666,135,666,24,339
270370610071,2629,2979,735,2979,321,1052
270370610072,1465,1705,410,1705,30,698
270370610081,1169,1431,319,1431,45,579
270370610082,451,751,234,751,95,340
270370610091,2624,3191,1125,3191,968,1083
270370610092,2303,3041,1107,3041,837,1026
270370611021,830,879,227,879,25,396
270370611022,1535,1959,295,1959,189,797
270370611023,2043,2059,505,2059,93,771
270370611051,784,924,246,924,11,414
270370611052,1357,1425,339,1425,6,578
270370611061,1391,1503,389,1503,317,691
270370611062,1463,1503,240,1503,195,775
270370611071,1809,1939,459,1939,239,727
270370611072,4364,4619,948,4619,760,1827
270370611081,1043,1063,194,1063,72,576
270370611082,1777,1835,364,1835,321,705
270370611083,2924,3400,740,3400,304,1336
270530001011,374,1024,324,1024,21,364
270530001012,240,721,174,721,0,264
270530001013,285,594,153,594,0,209
270530001014,329,798,183,798,0,338
270530001021,588,1226,372,1226,29,355
270530001022,546,1257,248,1257,100,486
270530001023,406,980,236,980,24,461
270530001024,324,893,371,893,8,225
270530001025,298,966,287,966,84,376
270530003001,744,959,163,959,0,406
270530003002,485,845,139,845,0,326
270530003003,496,830,123,830,7,368
270530003004,478,498,57,498,0,333
270530006011,1081,1442,337,1442,0,570
270530006012,960,1146,177,1146,0,512
270530006013,1009,1866,400,1866,0,700
270530006014,571,644,66,644,0,339
270530006031,579,641,89,641,10,301
270530006032,609,742,184,742,0,335
270530006033,845,916,186,916,4,406
270530006034,506,528,96,528,0,264
270530011001,548,923,161,923,0,378
270530011002,879,1155,226,1155,23,569
270530017001,597,726,48,726,6,393
270530017002,804,1684,436,1684,224,679
270530022001,79,897,378,897,71,277
270530022002,118,609,245,609,19,201
270530024001,661,849,146,849,100,461
270530024002,1074,1518,159,1518,52,795
270530027001,246,1285,346,1285,20,382
270530027002,324,1506,461,1506,30,569
270530032001,233,768,248,768,4,290
270530032002,266,984,250,984,24,378
270530033001,82,1058,356,1058,26,294
270530033002,48,1427,596,1427,69,461
270530038001,1144,1319,0,1319,30,553
270530038002,2004,2555,151,2555,192,631
270530038003,1225,1719,25,1719,227,932
270530059011,664,1276,176,1276,8,803
270530059012,903,1803,176,1803,92,1053
270530059021,636,1846,504,1846,76,590
270530059022,234,1504,594,1504,202,606
270530068001,788,1486,130,1486,17,826
270530068002,675,933,19,933,13,596
270530068003,1335,1777,240,1777,0,943
270530077001,520,1917,526,1917,320,791
270530077002,1676,2169,96,2169,1072,1593
270530078011,277,960,278,960,17,356
270530078012,181,1033,325,1033,13,304
270530081001,667,782,65,782,34,449
270530081002,628,697,80,697,0,324
270530081003,618,700,44,700,39,380
270530081004,977,1134,38,1134,8,746
270530082001,223,1827,309,1827,83,1040
270530082002,637,1205,336,1205,0,588
270530082003,514,744,64,744,23,308
270530082004,326,727,0,727,0,380
270530083001,256,1714,640,1714,15,455
270530083002,310,505,45,505,0,228
270530084001,244,1004,351,1004,14,224
270530084002,428,1937,461,1937,19,596
270530085001,319,1367,452,1367,0,326
270530085002,394,890,253,890,0,251
270530085003,451,530,26,530,0,221
270530085004,411,1303,532,1303,20,408
270530085005,489,1168,349,1168,0,436
270530095001,278,1210,378,1210,21,365
270530095002,211,633,224,633,9,231
270530095003,748,1081,172,1081,6,477
270530096001,493,837,245,837,50,354
270530096002,518,996,241,996,0,451
270530096003,730,914,231,914,0,358
270530096004,521,725,153,725,8,290
270530106001,559,796,201,796,0,285
270530106002,1076,1173,361,1173,24,456
270530106003,865,962,186,962,17,480
270530107001,604,677,154,677,0,309
270530107002,803,991,347,991,0,369
270530107003,747,856,243,856,0,335
270530110001,502,883,193,883,6,384
270530110002,533,702,113,702,10,327
270530110003,791,834,113,834,8,375
270530110004,1137,1243,302,1243,0,462
270530117031,665,773,149,773,9,341
270530117032,680,748,182,748,0,269
270530117033,827,1082,255,1082,0,419
270530117034,702,834,257,834,0,301
270530117035,804,903,243,903,0,366
270530117041,899,1040,289,1040,0,408
270530117042,713,750,149,750,0,305
270530117043,1077,1427,390,1427,9,582
270530118001,847,1000,131,1000,16,444
270530118002,857,970,243,970,30,393
270530118003,618,660,105,660,0,306
270530118004,789,1166,345,1166,0,390
270530118005,969,1096,143,1096,0,529
270530119981,543,858,83,858,240,507
270530119982,535,601,154,601,0,250
270530119983,1129,1450,239,1450,0,645
270530119984,493,730,104,730,0,429
270530119985,512,560,121,560,10,266
270530120011,630,719,283,719,0,250
270530120012,565,999,268,999,0,386
270530120013,626,639,154,639,0,250
270530120014,943,1003,188,1003,0,503
270530120015,538,629,62,629,0,397
270530120016,755,796,156,796,0,353
270530120017,466,937,81,937,0,476
270530120031,280,502,134,502,0,255
270530120032,788,1272,221,1272,60,442
270530120033,1241,1311,346,1311,6,557
270530120034,168,767,348,767,0,260
270530120035,152,891,316,891,0,254
270530120036,586,799,87,799,0,420
270530121011,771,944,135,944,0,531
270530121012,294,1008,379,1008,12,338
270530121013,682,1036,238,1036,0,423
270530121021,602,649,74,649,0,322
270530121022,401,588,56,588,0,234
270530121023,439,462,27,462,0,266
270530121024,778,1140,300,1140,0,527
270530201011,1128,1326,378,1326,20,446
270530201012,915,1015,186,1015,0,423
270530201013,733,938,227,938,0,339
270530201021,859,897,274,897,16,361
270530201022,1000,1384,205,1384,35,807
270530202001,393,1070,239,1070,0,368
270530202002,382,841,199,841,0,259
270530202003,443,1856,595,1856,42,930
270530202004,382,643,113,643,15,217
270530202005,350,1065,312,1065,0,350
270530202006,190,757,309,757,0,299
270530202007,372,1564,669,1564,0,439
270530203011,575,1126,287,1126,6,415
270530203012,513,1523,552,1523,0,501
270530203021,466,1634,458,1634,0,651
270530203022,469,845,243,845,4,273
270530203031,341,843,210,843,12,285
270530203032,471,1524,380,1524,0,480
270530203033,634,1172,256,1172,0,460
270530203041,434,1755,554,1755,0,601
270530203042,267,766,186,766,0,248
270530203043,452,965,207,965,9,307
270530204001,242,583,160,583,0,224
270530204002,880,1536,375,1536,0,653
270530204003,787,1720,544,1720,8,608
270530204004,599,1257,254,1257,11,430
270530205001,707,1117,227,1117,5,433
270530205002,435,1183,276,1183,11,402
270530205003,662,1303,478,1303,0,397
270530206001,657,1310,346,1310,0,531
270530206002,427,927,345,927,5,337
270530207001,723,1088,183,1088,0,452
270530207002,570,1052,266,1052,18,334
270530207003,977,1078,251,1078,0,421
270530207004,880,1048,169,1048,69,483
270530208011,660,1072,286,1072,24,464
270530208012,702,932,208,932,16,415
270530208041,213,1244,317,1244,0,397
270530208042,833,1022,198,1022,0,425
270530208043,599,867,88,867,0,427
270530209021,1073,1227,301,1227,9,464
270530209022,845,992,198,992,0,436
270530209031,928,1167,209,1167,23,434
270530209032,482,610,81,610,8,261
270530209033,1164,1352,276,1352,58,554
270530210011,932,1822,342,1822,97,531
270530210012,851,1067,335,1067,18,481
270530210013,609,656,117,656,0,315
270530210014,729,1074,235,1074,0,559
270530210015,1242,1464,274,1464,0,618
270530210021,1520,1912,376,1912,41,895
270530211001,428,597,125,597,10,247
270530211002,1094,1375,290,1375,54,598
270530212001,582,783,155,783,10,389
270530212002,877,1130,249,1130,0,384
270530212003,976,1127,253,1127,0,455
270530212004,658,787,150,787,10,339
270530212005,464,801,190,801,0,400
270530213001,1157,1721,153,1721,28,1079
270530213002,691,950,122,950,0,530
270530213003,591,998,370,998,0,352
270530213004,778,946,210,946,125,434
270530214001,879,1066,248,1066,0,471
270530214002,819,1008,188,1008,0,487
270530214003,619,1157,380,1157,10,370
270530215011,939,1455,284,1455,32,662
270530215012,1107,1352,262,1352,0,475
270530215013,1068,1430,277,1430,35,553
270530215021,748,1847,630,1847,146,642
270530215022,647,734,34,734,0,306
270530215023,412,1245,324,1245,130,659
270530215031,725,1277,227,1277,0,695
270530215032,822,1254,255,1254,0,464
270530215033,881,975,237,975,0,473
270530215034,534,1439,554,1439,7,435
270530215041,474,839,148,839,0,476
270530215042,751,1049,261,1049,0,371
270530215043,654,820,161,820,0,277
270530215044,698,851,206,851,0,342
270530215051,914,1342,347,1342,7,531
270530215052,1352,1785,433,1785,0,727
270530215053,487,699,68,699,0,325
270530215054,474,680,130,680,8,302
270530216011,946,1093,239,1093,8,439
270530216012,1351,1957,289,1957,168,930
270530216013,946,1143,135,1143,85,544
270530216021,1189,1336,237,1336,101,713
270530216022,1298,1355,305,1355,76,600
270530216023,847,998,230,998,18,415
270530216024,777,1005,273,1005,0,324
270530216025,231,680,287,680,11,212
270530216026,717,950,165,950,17,421
270530217001,617,689,15,689,0,393
270530217002,625,649,133,649,0,338
270530217003,957,1156,169,1156,127,520
270530217004,925,1217,271,1217,17,561
270530217005,1048,1187,301,1187,0,403
270530218001,762,902,139,902,55,505
270530218002,1206,1414,327,1414,49,580
270530219001,1045,1204,169,1204,169,638
270530219002,578,812,198,812,16,326
270530219003,1304,1461,203,1461,9,571
270530220001,813,1038,122,1038,135,600
270530220002,557,620,10,620,0,440
270530221011,883,1094,271,1094,29,514
270530221012,996,1623,209,1623,34,856
270530221021,1004,1440,232,1440,0,645
270530221022,1064,1387,300,1387,14,691
270530222001,631,648,181,648,0,302
270530222002,1806,2069,158,2069,143,1228
270530222003,696,759,177,759,24,299
270530222004,1051,1105,194,1105,0,392
270530223011,885,1039,166,1039,28,449
270530223012,1151,1226,105,1226,95,687
270530223021,773,1307,333,1307,0,700
270530223022,809,876,83,876,130,376
270530223023,850,1104,301,1104,11,458
270530224001,570,600,62,600,13,306
270530224002,469,521,106,521,0,263
270530224003,921,1033,225,1033,11,428
270530224004,832,1652,479,1652,36,708
270530227001,1648,2544,475,2544,39,1249
270530227002,882,944,230,944,0,392
270530227003,683,882,201,882,0,356
270530228011,1097,1240,327,1240,21,503
270530228012,772,819,150,819,10,333
270530228021,1695,2094,121,2094,131,1343
270530228022,1146,1343,293,1343,25,656
270530229011,1086,1254,70,1254,171,960
270530229012,939,979,309,979,0,469
270530229013,1426,1694,162,1694,711,1359
270530229014,936,953,242,953,0,356
270530229021,562,597,130,597,11,282
270530229022,942,1043,299,1043,0,423
270530230001,1804,2054,232,2054,607,1123
270530230002,425,1172,185,1172,0,694
270530230003,1435,1526,398,1526,70,612
270530231001,1046,1190,408,1190,46,418
270530231002,648,680,222,680,34,256
270530232001,633,965,148,965,171,636
270530232002,815,967,105,967,32,455
270530232003,676,1720,335,1720,77,850
270530232004,280,758,87,758,0,336
270530232005,216,1546,376,1546,20,688
270530233001,965,1204,133,1204,26,671
270530233002,886,2213,630,2213,77,1087
270530233003,945,1132,200,1132,15,387
270530233004,1070,1323,249,1323,10,657
270530234001,382,1857,762,1857,0,537
270530234002,446,469,55,469,0,211
270530234003,765,1261,263,1261,29,518
270530234004,990,1152,131,1152,11,754
270530234005,955,1650,336,1650,40,864
270530235011,1337,1523,290,1523,19,870
270530235012,1138,1244,233,1244,26,624
270530235013,756,969,238,969,11,399
270530235021,614,693,197,693,51,278
270530235022,856,936,216,936,30,406
270530235023,1609,1672,342,1672,73,757
270530235024,967,999,311,999,33,392
270530235025,1048,1177,148,1177,34,848
270530236001,1248,1356,346,1356,98,575
270530236002,1005,1050,245,1050,10,401
270530236003,1298,1419,519,1419,36,402
270530237001,1231,1349,400,1349,160,609
270530237002,784,862,222,862,0,321
270530237003,919,1089,343,1089,52,454
270530237004,1318,1407,304,1407,47,637
270530238011,960,1053,319,1053,85,422
270530238012,897,1066,361,1066,25,376
270530238013,1091,1208,247,1208,0,470
270530238014,873,950,298,950,29,340
270530238015,1086,1131,434,1131,41,363
270530238021,957,1082,302,1082,29,423
270530238022,659,1067,372,1067,47,399
270530238023,620,713,181,713,36,329
270530239011,1209,1291,338,1291,18,539
270530239012,789,822,218,822,0,296
270530239013,1422,1504,438,1504,4,494
270530239021,777,920,287,920,37,293
270530239022,957,1224,333,1224,26,418
270530239031,775,946,212,946,17,351
270530239032,793,1077,279,1077,0,469
270530239033,1104,1216,157,1216,119,851
270530240031,1545,1708,503,1708,16,633
270530240032,1079,2354,557,2354,86,1021
270530240033,545,1033,155,1033,0,533
270530240041,1104,1192,58,1192,96,866
270530240042,1025,1829,172,1829,176,1210
270530240043,1008,1329,157,1329,14,840
270530240051,814,1142,69,1142,266,808
270530240052,969,1107,109,1107,18,653
270530240061,1041,1104,386,1104,17,394
270530240062,764,920,169,920,79,438
270530241001,1092,1438,274,1438,11,580
270530241002,717,1020,247,1020,0,461
270530241003,581,1007,230,1007,0,453
270530242001,796,846,120,846,0,375
270530242002,700,743,143,743,0,326
270530242003,1081,1415,287,1415,0,642
270530243001,431,988,265,988,0,392
270530243002,79,519,47,519,11,340
270530243003,958,1812,284,1812,25,994
270530243004,773,1160,286,1160,0,443
270530244001,1087,1568,272,1568,0,748
270530244002,2081,2408,133,2408,467,1625
270530245001,480,725,109,725,11,272
270530245002,728,867,180,867,7,323
270530245003,527,657,68,657,7,306
270530246001,730,1014,322,1014,0,342
270530246002,870,1481,232,1481,366,1022
270530246003,1118,1564,480,1564,0,502
270530247001,729,1037,155,1037,0,438
270530247002,722,1022,346,1022,0,438
270530247003,718,1182,243,1182,27,433
270530248011,638,1195,326,1195,0,469
270530248012,567,1188,255,1188,0,453
270530248021,358,732,208,732,6,314
270530248022,339,1353,315,1353,0,610
270530248023,582,703,123,703,0,272
270530249011,376,704,177,704,0,271
270530249012,224,353,123,353,7,109
270530249021,622,1571,551,1571,0,410
270530249022,795,1198,225,1198,5,431
270530249031,460,1279,407,1279,0,381
270530249032,477,1244,352,1244,0,445
270530251001,511,913,123,913,9,418
270530251002,382,1145,222,1145,8,592
270530251003,643,705,67,705,282,452
270530252011,872,1462,363,1462,2,494
270530252012,744,1877,582,1877,48,724
270530252013,364,1970,633,1970,0,603
270530252051,489,770,166,770,0,331
270530252052,645,812,95,812,0,325
270530252053,1088,1371,294,1371,9,496
270530252054,743,1197,313,1197,0,476
270530252055,398,856,93,856,0,296
270530253011,821,1049,213,1049,8,366
270530253012,919,1021,203,1021,19,611
270530253013,779,817,93,817,21,324
270530253021,1102,1476,275,1476,0,611
270530253022,989,1354,269,1354,19,554
270530253023,1042,1483,301,1483,36,717
270530254011,789,1473,387,1473,0,516
270530254012,807,1455,307,1455,25,645
270530254013,496,1314,261,1314,0,467
270530254031,639,1511,490,1511,0,481
270530254032,942,1527,297,1527,0,623
270530254033,838,1335,206,1335,0,685
270530256011,902,1287,239,1287,126,675
270530256012,990,1091,184,1091,15,529
270530256031,590,966,198,966,0,330
270530256032,1039,1131,271,1131,0,420
270530256033,857,892,143,892,6,454
270530256034,762,923,56,923,76,433
270530256051,751,942,133,942,105,518
270530256052,681,881,135,881,17,347
270530256053,824,1004,147,1004,0,575
270530256054,472,716,155,716,11,390
270530257011,883,1347,345,1347,15,494
270530257012,993,1025,242,1025,0,418
270530257013,845,1007,104,1007,31,571
270530257014,513,513,100,513,18,239
270530257015,996,1342,235,1342,0,511
270530257016,1397,1674,483,1674,0,767
270530257021,690,794,218,794,0,259
270530257022,332,434,37,434,9,259
270530257023,708,1019,134,1019,0,430
270530257024,728,1092,217,1092,0,437
270530257025,715,1188,279,1188,23,690
270530258011,712,873,38,873,227,574
270530258012,755,1378,272,1378,155,644
270530258013,820,870,105,870,0,377
270530258021,1040,1273,222,1273,32,501
270530258022,948,1002,212,1002,0,432
270530258031,493,690,153,690,0,272
270530258032,1014,1340,350,1340,114,613
270530258033,729,1026,128,1026,0,446
270530258051,1072,1296,177,1296,29,402
270530258052,658,767,148,767,19,368
270530258053,567,621,119,621,0,277
270530259031,1031,1334,291,1334,0,531
270530259032,717,876,116,876,0,474
270530259033,1140,1459,308,1459,0,548
270530259034,1014,1235,184,1235,13,711
270530259035,974,1053,144,1053,19,526
270530259051,863,971,229,971,16,393
270530259052,1127,1274,171,1274,17,644
270530259053,428,547,83,547,0,288
270530259054,760,787,93,787,13,411
270530259061,968,1701,241,1701,68,809
270530259062,1069,1105,246,1105,0,469
270530259063,1246,1706,356,1706,15,777
270530259064,1353,1613,273,1613,31,712
270530259071,936,1055,111,1055,0,599
270530259072,1322,1477,244,1477,45,658
270530259073,1202,1339,292,1339,33,549
270530259074,740,887,179,887,0,412
270530260051,542,851,249,851,10,449
270530260052,1543,1788,396,1788,7,734
270530260053,916,1207,240,1207,26,415
270530260061,651,687,129,687,18,283
270530260062,492,691,118,691,8,422
270530260063,1271,1599,354,1599,10,724
270530260071,1934,2464,353,2464,406,1249
270530260072,930,1050,283,1050,0,402
270530260073,829,1419,468,1419,0,529
270530260131,846,900,275,900,0,307
270530260132,1200,1537,316,1537,0,514
270530260133,1130,1171,258,1171,0,443
270530260134,1026,1157,262,1157,0,410
270530260141,1370,1495,386,1495,0,506
270530260142,1545,1853,484,1853,63,709
270530260143,1690,1893,435,1893,32,829
270530260151,1646,1750,388,1750,0,700
270530260152,1311,1626,397,1626,35,761
270530260153,1456,1850,383,1850,36,717
270530260161,1771,1955,419,1955,72,1008
270530260162,2067,2579,568,2579,144,1121
270530260163,1965,2474,547,2474,184,971
270530260181,1843,3075,1004,3075,596,1032
270530260182,2040,2373,552,2373,72,973
270530260183,1709,1837,327,1837,67,704
270530260191,607,1196,146,1196,10,647
270530260192,1828,4065,1042,4065,700,1649
270530260193,80,869,310,869,30,333
270530260201,1503,1645,248,1645,296,877
270530260202,832,1303,323,1303,0,506
270530260203,973,2017,618,2017,348,1033
270530260211,1252,1409,469,1409,107,443
270530260212,2513,2857,573,2857,51,1254
270530260221,3186,4295,1244,4295,1226,1540
270530260222,963,1153,320,1153,0,360
270530260223,1323,1570,474,1570,62,516
270530261011,1194,1467,338,1467,61,614
270530261012,1018,1068,199,1068,17,447
270530261013,742,807,219,807,0,262
270530261031,818,1012,194,1012,0,429
270530261032,1476,1776,376,1776,31,759
270530261041,1159,1304,77,1304,0,790
270530261042,980,1751,337,1751,57,967
270530261043,941,1116,109,1116,60,670
270530262011,1157,1200,347,1200,48,415
270530262012,1937,2077,556,2077,20,763
270530262021,1037,1087,207,1087,0,527
270530262022,1418,1746,464,1746,78,648
270530262051,681,761,102,761,0,286
270530262052,1027,1116,346,1116,0,429
270530262053,1214,1304,254,1304,23,565
270530262061,1007,1185,209,1185,14,408
270530262062,1396,1474,165,1474,110,861
270530262063,860,897,259,897,14,303
270530262071,1536,1890,461,1890,0,911
270530262072,1914,2070,496,2070,25,935
270530262081,1004,1261,307,1261,96,448
270530262082,729,780,180,780,0,296
270530262083,1110,1187,239,1187,9,472
270530263011,2299,2389,525,2389,184,950
270530263012,1031,1181,142,1181,130,765
270530263021,660,683,99,683,18,306
270530263022,818,871,252,871,31,342
270530263023,920,997,182,997,43,448
270530263024,682,753,178,753,36,304
270530264021,1335,1745,268,1745,0,803
270530264022,1646,2627,425,2627,91,1471
270530264023,576,658,95,658,78,407
270530264024,1010,1170,103,1170,16,810
270530264031,1221,1924,325,1924,91,1145
270530264032,1292,1355,269,1355,125,540
270530264041,1309,1353,293,1353,14,579
270530264042,1973,2186,473,2186,57,971
270530264043,1736,1874,312,1874,88,898
270530265051,1160,1335,218,1335,29,605
270530265052,1941,2391,463,2391,22,924
270530265071,2278,2821,490,2821,321,1367
270530265072,1447,2123,570,2123,192,877
270530265081,1137,1252,82,1252,98,687
270530265082,1081,1126,182,1126,0,487
270530265083,2332,2569,601,2569,261,1173
270530265091,2129,2482,654,2482,0,952
270530265092,1825,2132,379,2132,101,823
270530265101,1032,1315,208,1315,213,653
270530265102,832,999,153,999,7,511
270530265103,1078,1255,195,1255,0,620
270530265111,681,1382,284,1382,22,597
270530265112,626,1289,363,1289,9,570
270530265113,1021,1099,221,1099,0,466
270530265121,1154,1183,221,1183,52,478
270530265122,577,687,116,687,0,354
270530265123,965,1048,176,1048,16,526
270530265124,650,898,148,898,0,287
270530265125,835,926,70,926,28,214
270530265126,513,567,59,567,10,335
270530265127,421,794,231,794,27,473
270530265141,698,1084,253,1084,0,486
270530265142,690,793,200,793,0,308
270530265143,777,997,44,997,0,547
270530265144,1300,1902,309,1902,92,1017
270530266051,1673,1955,593,1955,9,676
270530266052,1318,1536,295,1536,322,742
270530266061,1162,1196,368,1196,0,397
270530266062,2010,2304,642,2304,50,888
270530266063,1320,1586,365,1586,0,629
270530266091,1029,1102,195,1102,0,474
270530266092,572,896,220,896,27,284
270530266093,796,831,179,831,0,457
270530266101,1399,1612,415,1612,0,556
270530266102,538,630,127,630,9,322
270530266103,1266,1639,236,1639,19,633
270530266104,489,665,197,665,21,219
270530266111,1250,1283,315,1283,92,531
270530266112,845,1127,297,1127,0,517
270530266113,620,1102,372,1102,11,584
270530266114,1078,1437,215,1437,26,867
270530266121,4390,6355,2048,6355,2012,2571
270530266122,1136,1282,230,1282,90,551
270530266123,1493,1859,570,1859,156,693
270530266124,909,987,289,987,14,357
270530266131,1457,2565,513,2565,150,1001
270530266132,3997,6233,2187,6233,1415,1994
270530267021,1041,1255,269,1255,6,550
270530267022,1370,1425,157,1425,238,748
270530267061,1209,1310,159,1310,15,588
270530267062,1312,1482,338,1482,58,535
270530267063,932,980,222,980,0,336
270530267071,1646,1815,447,1815,30,613
270530267072,1151,1301,241,1301,3,563
270530267073,752,819,150,819,0,374
270530267074,869,917,129,917,0,385
270530267081,767,876,113,876,57,458
270530267082,1732,1771,517,1771,105,672
270530267083,965,1200,278,1200,47,429
270530267084,836,1038,323,1038,0,311
270530267085,836,863,119,863,0,450
270530267101,833,853,171,853,0,370
270530267102,701,907,138,907,0,393
270530267103,824,1058,264,1058,0,473
270530267104,3462,4497,1143,4497,1184,2187
270530267105,901,1271,207,1271,28,574
270530267106,548,548,162,548,0,207
270530267111,1607,1846,446,1846,24,697
270530267112,1104,1159,236,1159,0,673
270530267121,1068,1498,379,1498,50,710
270530267122,1488,1728,343,1728,88,759
270530267131,1281,1443,304,1443,40,646
270530267132,889,1130,207,1130,0,579
270530267133,1047,1148,265,1148,11,481
270530267134,490,571,61,571,0,269
270530267141,5512,6732,1840,6732,1269,2682
270530267142,893,961,121,961,38,413
270530267143,1932,2302,518,2302,505,1033
270530267151,1026,1098,426,1098,22,311
270530267152,3924,4554,1643,4554,895,1461
270530267153,5919,8324,3006,8324,2295,2802
270530267154,1792,1833,452,1833,31,554
270530267161,3527,4821,1554,4821,1007,1538
270530267162,1345,1392,337,1392,0,516
270530267163,1238,1238,276,1238,0,454
270530267164,992,1078,228,1078,36,418
270530268071,808,1181,252,1181,0,536
270530268072,367,906,325,906,0,321
270530268073,866,1058,300,1058,34,387
270530268074,415,1357,276,1357,17,542
270530268075,507,858,145,858,26,337
270530268076,314,534,112,534,0,238
270530268091,300,3223,1271,3223,10,956
270530268092,60,299,101,299,8,116
270530268093,567,1963,578,1963,0,797
270530268101,583,947,267,947,0,306
270530268102,315,1499,455,1499,8,736
270530268103,406,861,283,861,0,255
270530268104,147,703,263,703,0,505
270530268105,153,692,169,692,0,229
270530268106,165,755,137,755,39,439
270530268111,622,1165,271,1165,44,456
270530268112,593,1467,547,1467,0,387
270530268113,732,1366,467,1366,8,484
270530268114,529,1955,810,1955,10,566
270530268121,1156,2400,546,2400,180,769
270530268122,928,2612,1121,2612,0,723
270530268123,1498,1985,592,1985,464,771
270530268141,317,724,94,724,0,255
270530268142,654,1130,243,1130,12,493
270530268143,407,2596,803,2596,6,810
270530268144,497,1191,454,1191,22,340
270530268145,668,937,204,937,0,327
270530268151,832,1675,326,1675,20,713
270530268152,429,1215,418,1215,11,328
270530268153,568,1685,446,1685,8,451
270530268154,600,878,187,878,40,363
270530268161,391,1078,345,1078,0,437
270530268162,620,1202,336,1202,0,400
270530268163,397,1565,363,1565,11,482
270530268164,839,1576,463,1576,0,596
270530268165,457,1244,320,1244,0,490
270530268181,711,1385,406,1385,0,478
270530268182,523,1132,359,1132,30,414
270530268183,274,1287,447,1287,10,353
270530268184,219,1195,373,1195,17,533
270530268191,327,2103,531,2103,28,1237
270530268192,588,2650,915,2650,257,987
270530268201,733,1149,293,1149,295,529
270530268202,889,1965,520,1965,0,532
270530268203,2246,3680,1180,3680,686,1107
270530268204,3622,5249,1544,5249,1610,1866
270530268221,879,1184,237,1184,62,472
270530268222,1320,1932,400,1932,52,726
270530268223,1046,1460,261,1460,82,762
270530268231,1069,1233,220,1233,52,488
270530268232,1052,2144,492,2144,40,601
270530268233,631,1232,322,1232,0,369
270530269031,540,799,181,799,80,413
270530269032,1076,1356,386,1356,125,453
270530269033,1804,2390,586,2390,83,865
270530269061,1313,1566,382,1566,59,605
270530269062,1690,2192,621,2192,39,746
270530269063,1677,1956,566,1956,25,642
270530269064,1898,2259,617,2259,366,831
270530269071,3609,4165,1157,4165,415,1521
270530269072,1267,1407,337,1407,0,536
270530269081,1510,1549,392,1549,28,582
270530269082,1161,1391,327,1391,28,593
270530269083,1720,2199,708,2199,7,703
270530269084,980,980,123,980,0,426
270530269091,1492,1548,382,1548,206,478
270530269092,5796,6514,1837,6514,1156,2130
270530269093,4881,5154,1722,5154,849,1786
270530269101,2279,2292,417,2292,40,909
270530269102,2057,2946,1013,2946,300,908
270530270021,1936,2096,642,2096,199,732
270530270022,1002,1137,246,1137,58,504
270530270023,2091,2387,581,2387,88,899
270530271011,3523,4018,1360,4018,683,1296
270530271012,1588,1788,473,1788,137,713
270530271013,808,808,180,808,61,341
270530271021,1052,1122,267,1122,64,470
270530271022,1643,2127,494,2127,71,812
270530271023,1134,1194,335,1194,43,410
270530271024,1221,1228,271,1228,89,376
270530272011,591,646,192,646,92,328
270530272012,898,907,209,907,25,368
270530272013,1555,1687,488,1687,260,670
270530272014,1156,1178,247,1178,73,344
270530272015,727,764,32,764,55,397
270530272016,1126,1287,338,1287,64,481
270530272021,621,633,173,633,24,273
270530272022,1060,1094,224,1094,33,481
270530272031,1069,1094,287,1094,68,445
270530272032,1243,1271,264,1271,208,700
270530272033,1395,1467,95,1467,114,880
270530273001,1383,1473,180,1473,77,870
270530273002,673,673,103,673,0,459
270530273003,849,881,59,881,107,548
270530273004,1137,1440,466,1440,173,568
270530274001,624,658,153,658,27,266
270530274002,1873,1899,645,1899,51,622
270530274003,1048,1128,269,1128,101,464
270530274004,555,610,135,610,29,272
270530275011,1426,1727,284,1727,128,902
270530275012,616,645,174,645,33,252
270530275013,1338,1417,231,1417,60,761
270530275014,687,735,124,735,24,370
270530275031,678,678,194,678,53,281
270530275032,1208,1257,295,1257,72,485
270530275033,945,1065,432,1065,10,373
270530275034,1224,1319,335,1319,129,493
270530275041,747,840,161,840,58,356
270530275042,1500,1647,493,1647,9,572
270530275043,842,868,134,868,49,432
270530276011,436,436,60,436,27,296
270530276012,889,932,216,932,11,553
270530276013,539,645,136,645,30,271
270530276014,1637,1768,389,1768,222,795
270530276021,742,742,120,742,0,262
270530276022,873,925,73,925,26,555
270530276023,1537,1592,386,1592,9,622
270530276024,861,961,149,961,16,463
270530276025,879,892,184,892,98,483
270530276026,423,487,14,487,0,276
270530277001,1610,1719,348,1719,48,669
270530277002,1638,1729,644,1729,179,519
270530277003,3590,3896,1199,3896,624,1348
270530277004,1073,1131,219,1131,165,472
270530277005,1050,1183,278,1183,158,590
270531002001,1029,1451,331,1451,9,642
270531002002,493,1041,281,1041,8,435
270531002003,402,908,50,908,7,623
270531004001,261,1148,476,1148,6,363
270531004002,281,795,194,795,5,317
270531004003,397,1297,353,1297,5,478
270531005001,423,535,101,535,5,254
270531005002,1133,1626,351,1626,78,726
270531007001,411,1232,402,1232,0,449
270531007002,503,713,184,713,20,252
270531007003,367,888,378,888,0,392
270531007004,102,266,61,266,6,169
270531008001,289,756,250,756,0,268
270531008002,258,1193,392,1193,0,443
270531008003,490,949,323,949,0,374
270531008004,236,1203,259,1203,13,476
270531009001,146,913,381,913,0,285
270531009002,219,1540,337,1540,12,469
270531009003,141,1163,438,1163,0,319
270531009004,322,800,109,800,38,276
270531009005,176,739,282,739,9,399
270531012001,853,1014,180,1014,13,501
270531012002,873,1226,287,1226,0,453
270531012003,1281,1374,271,1374,0,573
270531012004,815,1038,116,1038,0,610
270531013001,129,1234,432,1234,26,314
270531013002,65,726,229,726,100,272
270531016001,142,737,199,737,0,375
270531016002,124,655,254,655,22,264
270531016003,153,892,322,892,5,318
270531018001,533,1117,276,1117,0,565
270531018002,684,1700,537,1700,76,613
270531018003,702,1437,247,1437,93,523
270531019001,1026,1101,131,1101,0,558
270531019002,400,624,49,624,0,511
270531019003,699,917,197,917,27,447
270531020001,121,908,266,908,39,315
270531020002,326,890,294,890,48,296
270531020003,318,791,256,791,3,283
270531021001,92,978,454,978,61,311
270531021002,162,718,260,718,64,278
270531021003,129,954,367,954,82,225
270531023001,134,677,210,677,29,258
270531023002,162,840,218,840,30,461
270531025001,408,550,51,550,0,267
270531025002,783,1214,234,1214,17,456
270531025003,705,1203,173,1203,39,659
270531026001,415,612,97,612,23,282
270531026002,726,1260,175,1260,11,518
270531028001,224,1304,567,1304,44,349
270531028002,291,891,329,891,56,225
270531028003,42,1263,358,1263,51,454
270531029001,368,1452,538,1452,46,461
270531030001,548,885,125,885,0,323
270531030002,788,961,105,961,36,460
270531031001,1306,2222,349,2222,40,1166
270531034001,75,1430,772,1430,145,432
270531034002,82,902,403,902,241,320
270531034003,255,804,252,804,290,455
270531036001,582,667,49,667,0,435
270531036002,1168,1566,127,1566,325,1007
270531037001,780,1195,117,1195,0,419
270531037002,823,1310,202,1310,0,667
270531037003,953,1257,15,1257,235,855
270531039001,1211,1605,0,1605,168,509
270531039002,1198,1718,21,1718,344,624
270531040001,1580,1914,18,1914,20,694
270531040002,664,1189,333,1189,131,403
270531040003,1124,1606,75,1606,22,618
270531040004,220,821,140,821,0,330
270531040005,1037,1252,54,1252,44,495
270531041001,1174,1846,278,1846,82,741
270531041002,389,1714,542,1714,19,655
270531044001,519,963,45,963,128,448
270531044002,897,1210,47,1210,131,893
270531048001,862,1660,18,1660,322,995
270531048002,0,715,0,715,231,667
270531048003,1031,2467,485,2467,25,458
270531048004,75,3388,1655,3388,63,1202
270531048005,1059,1396,45,1396,0,159
270531049001,643,2047,481,2047,415,834
270531049002,1266,1963,0,1963,217,593
270531049003,603,988,47,988,198,494
270531049004,3318,4390,8,4390,80,80
270531049005,1442,1823,13,1823,144,264
270531051001,965,1155,207,1155,45,521
270531051002,633,700,83,700,8,367
270531051003,802,936,241,936,37,396
270531052011,1343,1498,27,1498,16,1190
270531052012,1100,1493,118,1493,224,1084
270531052041,336,634,39,634,0,608
270531052042,1286,2085,264,2085,357,1432
270531054001,1227,1919,84,1919,582,1373
270531054002,847,1598,112,1598,16,658
270531055001,1139,1297,36,1297,0,1028
270531055002,871,956,75,956,0,727
270531055003,464,578,155,578,0,225
270531055004,858,1003,155,1003,14,399
270531056001,538,916,62,916,13,759
270531056002,803,1022,68,1022,12,668
270531056003,1088,1390,0,1390,326,1093
270531056004,700,1006,58,1006,0,801
270531057001,481,788,34,788,9,589
270531057002,541,975,12,975,137,853
270531057003,555,1059,29,1059,83,762
270531060001,285,1383,355,1383,102,483
270531060002,136,1352,399,1352,28,646
270531060003,69,532,140,532,4,333
270531062001,435,2195,698,2195,69,1109
270531062002,606,838,60,838,29,456
270531062003,331,751,68,751,116,431
270531064001,211,841,69,841,11,573
270531064002,881,995,176,995,6,451
270531065001,967,1140,116,1140,68,533
270531065002,1300,1414,218,1414,30,575
270531065003,1742,1890,197,1890,388,1420
270531066001,729,823,35,823,0,388
270531066002,798,962,88,962,0,630
270531066003,548,653,60,653,0,324
270531067001,489,614,0,614,29,634
270531067002,1029,1184,57,1184,0,850
270531067003,1020,1198,60,1198,0,640
270531067004,1081,1216,25,1216,0,935
270531069001,553,793,16,793,46,548
270531069002,1127,1725,92,1725,100,929
270531070001,614,1414,334,1414,13,638
270531070002,666,1403,161,1403,54,782
270531070003,851,1136,182,1136,0,630
270531074001,396,1067,277,1067,74,437
270531074002,492,701,121,701,0,443
270531075001,1000,1084,184,1084,21,512
270531075002,626,784,120,784,13,389
270531076001,745,882,111,882,6,430
270531076002,982,1010,170,1010,50,592
270531076003,474,599,193,599,0,211
270531076004,822,1207,286,1207,83,439
270531080001,694,851,69,851,90,593
270531080002,1052,1156,32,1156,66,667
270531080003,760,781,78,781,0,415
270531080004,492,584,40,584,0,343
270531086001,392,594,131,594,0,258
270531086002,249,1467,464,1467,8,361
270531086003,350,1056,277,1056,0,478
270531087001,487,848,122,848,51,416
270531087002,912,1435,347,1435,64,531
270531087003,968,1301,259,1301,135,571
270531088001,217,504,51,504,0,288
270531088002,381,535,53,535,0,361
270531088003,672,784,134,784,0,379
270531088004,834,1671,244,1671,40,794
270531089001,609,839,232,839,0,324
270531089002,417,435,67,435,0,224
270531089003,814,1047,132,1047,8,525
270531090001,751,808,102,808,6,453
270531090002,791,883,169,883,4,377
270531091001,1135,1357,0,1357,15,945
270531091002,595,705,0,705,15,472
270531091003,586,586,137,586,0,247
270531091004,672,677,154,677,0,334
270531091005,495,654,56,654,12,447
270531091006,602,650,123,650,19,279
270531092001,919,1092,102,1092,11,690
270531092002,943,1062,93,1062,10,467
270531092003,958,1316,96,1316,9,901
270531093001,624,922,190,922,31,349
270531093002,831,994,50,994,17,581
270531093003,567,678,19,678,0,413
270531093004,472,585,58,585,0,342
270531093005,413,749,132,749,14,304
270531094001,294,1301,408,1301,0,408
270531094002,208,884,259,884,8,239
270531097001,320,806,319,806,10,248
270531097002,567,784,140,784,3,355
270531097003,438,866,204,866,11,336
270531098001,650,705,200,705,36,256
270531098002,946,1162,390,1162,37,428
270531098003,683,729,106,729,24,362
270531098004,674,780,121,780,18,439
270531098005,789,861,251,861,33,318
270531099001,431,645,100,645,43,345
270531099002,1051,1173,267,1173,0,475
270531099003,818,944,215,944,6,420
270531099004,876,1008,110,1008,8,549
270531100001,332,1179,388,1179,13,374
270531100002,382,831,213,831,10,223
270531101001,726,1068,232,1068,15,457
270531101002,689,945,176,945,8,456
270531101003,504,1056,459,1056,54,402
270531102001,909,1103,223,1103,16,470
270531102002,642,735,70,735,0,363
270531102003,635,755,102,755,8,364
270531102004,624,875,228,875,28,385
270531104001,519,565,73,565,0,294
270531104002,795,852,187,852,9,384
270531104003,551,772,89,772,0,378
270531104004,407,1155,366,1155,74,405
270531105001,495,510,62,510,0,328
270531105002,1227,1395,296,1395,38,495
270531105003,1276,1414,218,1414,241,753
270531105004,462,587,87,587,12,340
270531105005,767,780,149,780,20,420
270531108001,709,793,153,793,0,298
270531108002,514,685,158,685,0,321
270531108003,689,751,190,751,9,314
270531108004,751,849,165,849,11,376
270531108005,707,826,205,826,7,332
270531108006,415,636,107,636,0,286
270531109001,832,1221,247,1221,0,533
270531109002,632,929,138,929,24,425
270531109003,601,1175,273,1175,84,486
270531111001,380,467,51,467,6,247
270531111002,840,935,207,935,0,419
270531111003,842,1018,204,1018,106,449
270531111004,747,903,148,903,7,412
270531112001,1308,1336,355,1336,70,556
270531112002,798,845,205,845,0,360
270531112003,936,1018,233,1018,24,462
270531113001,675,717,209,717,19,301
270531113002,708,879,206,879,7,362
270531113003,894,1030,230,1030,0,424
270531113004,852,972,355,972,18,403
270531113005,596,671,162,671,8,286
270531113006,429,732,240,732,0,231
270531114001,964,1045,335,1045,45,330
270531114002,673,830,235,830,0,270
270531114003,719,753,193,753,7,322
270531114004,1307,1463,438,1463,22,593
270531115001,1228,1488,434,1488,35,542
270531115002,1125,1331,385,1331,21,586
270531115003,843,874,172,874,0,325
270531115004,928,972,124,972,0,419
270531115005,499,696,103,696,13,390
270531116001,353,514,126,514,13,246
270531116002,1068,1221,225,1221,18,473
270531116003,848,926,293,926,26,317
270531116004,427,517,38,517,7,265
270531225001,577,705,136,705,0,299
270531225002,1323,1990,433,1990,144,995
270531225003,760,886,181,886,37,426
270531226001,1376,1482,260,1482,0,638
270531226002,693,782,116,782,81,412
270531255001,693,1147,202,1147,427,690
270531255002,609,803,148,803,7,284
270531255003,1260,1751,426,1751,58,710
270531256001,951,1083,162,1083,18,548
270531256002,1636,2278,188,2278,233,817
270531257001,162,724,222,724,0,288
270531257002,120,1484,569,1484,32,335
270531257003,406,1554,529,1554,22,563
270531258001,408,1156,228,1156,147,350
270531258002,578,1613,525,1613,58,424
270531258003,534,2494,868,2494,275,908
270531259001,248,1099,248,1099,180,362
270531259002,81,2196,969,2196,80,532
270531259003,188,1586,582,1586,127,485
270531260001,209,619,223,619,0,325
270531260002,327,1063,240,1063,97,350
270531260003,195,1622,486,1622,107,697
270531260004,265,2368,912,2368,8,811
270531261001,1468,2355,437,2355,817,1042
270531261002,883,1242,0,1242,298,1016
270531261003,796,2122,84,2122,204,1073
270531261004,677,1376,37,1376,50,865
270531262001,3105,3489,113,3489,1346,2356
270531262002,1372,2271,561,2271,945,1311
271230301001,742,858,144,858,10,291
271230301002,956,1381,192,1381,7,413
271230301003,527,842,92,842,17,472
271230301004,764,820,206,820,0,313
271230301005,855,1132,290,1132,9,401
271230302011,1016,1218,163,1218,0,590
271230302012,1125,1559,353,1559,14,473
271230302013,947,1113,186,1113,20,524
271230302014,1356,1545,306,1545,44,603
271230302021,1758,2205,239,2205,46,1129
271230303001,770,1016,242,1016,0,395
271230303002,648,957,212,957,43,421
271230303003,647,819,145,819,0,413
271230303004,413,742,160,742,0,251
271230303005,525,614,140,614,20,247
271230303006,783,799,93,799,0,313
271230303007,1051,1152,281,1152,0,403
271230304001,488,2159,672,2159,66,742
271230304002,833,2913,710,2913,76,989
271230304003,733,2048,694,2048,64,839
271230305001,182,2263,1215,2263,7,521
271230305002,342,1983,607,1983,8,664
271230305003,193,703,221,703,53,373
271230305004,280,995,347,995,6,350
271230306011,445,3397,1130,3397,141,1232
271230306012,597,2848,962,2848,16,711
271230306021,523,842,195,842,22,298
271230306022,611,699,147,699,0,289
271230306023,527,694,205,694,0,296
271230306024,858,1932,586,1932,16,645
271230307021,595,1054,260,1054,12,359
271230307022,587,1321,373,1321,5,414
271230307023,405,773,215,773,0,249
271230307024,628,845,198,845,0,334
271230307025,581,1368,363,1368,0,455
271230307031,682,829,155,829,0,351
271230307032,489,1296,405,1296,0,389
271230307033,762,2039,600,2039,17,604
271230307041,239,913,309,913,0,261
271230307042,434,804,311,804,20,255
271230307043,692,2716,919,2716,50,1065
271230308001,356,1482,506,1482,0,482
271230308002,612,1450,476,1450,0,498
271230308003,384,918,286,918,9,291
271230308004,439,1403,370,1403,0,497
271230309001,312,990,350,990,0,329
271230309002,159,1165,456,1165,9,312
271230309003,539,2287,864,2287,39,541
271230310001,400,863,308,863,0,264
271230310002,290,1178,429,1178,0,263
271230310003,254,1091,433,1091,0,398
271230310004,99,442,120,442,11,264
271230310005,198,815,150,815,0,320
271230311001,895,1846,507,1846,0,646
271230311002,350,808,247,808,13,327
271230311003,674,1288,386,1288,14,408
271230312001,592,1450,319,1450,64,718
271230312002,376,573,104,573,15,219
271230312003,712,910,112,910,0,422
271230313001,206,1088,384,1088,11,419
271230313002,434,1341,514,1341,0,456
271230314001,288,985,205,985,5,333
271230314002,364,1940,580,1940,162,783
271230315001,189,509,112,509,52,260
271230315002,251,1388,555,1388,26,352
271230315003,272,1142,410,1142,58,327
271230316001,353,1271,322,1271,14,393
271230316002,101,1082,471,1082,28,314
271230316003,179,597,219,597,9,201
271230316004,327,1247,336,1247,0,426
271230317011,352,1963,524,1963,17,536
271230317012,224,1144,383,1144,15,331
271230317021,273,1853,648,1853,70,529
271230317022,123,1321,491,1321,19,368
271230317023,372,1488,411,1488,28,531
271230317024,301,1857,591,1857,166,829
271230318011,325,1745,569,1745,206,628
271230318012,224,1548,553,1548,27,497
271230318013,492,654,137,654,21,264
271230318014,478,1196,380,1196,0,364
271230318021,603,1108,374,1108,0,345
271230318022,723,950,290,950,21,419
271230318023,523,1201,361,1201,0,403
271230318024,187,1020,268,1020,17,379
271230319001,727,1202,84,1202,188,750
271230319002,459,698,92,698,39,332
271230320001,621,878,177,878,0,293
271230320002,767,1503,360,1503,0,565
271230320003,668,905,195,905,9,410
271230321001,584,1366,415,1366,0,675
271230321002,1525,2019,212,2019,0,510
271230322001,420,608,45,608,7,373
271230322002,574,891,268,891,8,363
271230322003,870,975,126,975,0,322
271230323001,541,1133,222,1133,11,409
271230323002,686,957,270,957,22,316
271230323003,415,738,248,738,50,383
271230323004,573,662,164,662,8,250
271230324001,178,1334,424,1334,0,628
271230324002,602,1547,317,1547,0,576
271230325001,153,987,289,987,66,280
271230325002,215,1057,366,1057,18,339
271230325003,507,1266,423,1266,9,513
271230325004,279,522,106,522,10,221
271230326001,310,1859,803,1859,34,463
271230326002,247,1126,321,1126,84,368
271230326003,140,759,292,759,45,215
271230327001,95,1082,386,1082,0,355
271230327002,293,1687,564,1687,38,552
271230330001,200,588,132,588,24,276
271230330002,356,1341,219,1341,72,328
271230331001,208,739,221,739,23,235
271230331002,311,874,224,874,6,294
271230332001,892,1377,121,1377,128,664
271230332002,1097,1778,293,1778,618,883
271230333001,1277,1738,259,1738,5,661
271230333002,601,808,109,808,0,388
271230333003,674,756,53,756,0,330
271230334001,404,1347,261,1347,143,594
271230334002,716,1018,179,1018,22,472
271230334003,459,694,68,694,43,330
271230335001,215,1353,453,1353,38,389
271230335002,135,851,274,851,54,369
271230335003,295,1632,611,1632,11,488
271230336001,28,1805,766,1805,40,644
271230337001,323,1372,268,1372,124,701
271230338001,580,1390,399,1390,24,430
271230338002,224,574,110,574,9,237
271230339001,697,1560,489,1560,41,625
271230340001,842,949,182,949,75,499
271230340002,562,743,82,743,4,408
271230342011,1601,2296,127,2296,112,1694
271230342021,1310,1719,138,1719,191,964
271230342022,470,1066,52,1066,21,768
271230342023,1935,2735,103,2735,304,2037
271230344001,597,681,191,681,0,253
271230344002,379,1480,500,1480,47,607
271230345001,441,1136,271,1136,15,420
271230345002,549,757,178,757,0,336
271230345003,766,2047,891,2047,16,661
271230346011,736,1760,477,1760,35,597
271230346012,811,1915,678,1915,24,595
271230346013,362,1798,520,1798,187,706
271230346021,331,984,317,984,0,269
271230346022,590,1846,460,1846,55,554
271230346023,547,1693,480,1693,0,617
271230347011,582,1401,375,1401,0,430
271230347012,368,1945,760,1945,0,671
271230347013,959,1865,640,1865,32,607
271230347021,881,1948,598,1948,0,635
271230347022,444,1415,343,1415,0,675
271230347023,152,794,132,794,0,276
271230349001,1144,1238,121,1238,0,297
271230349002,779,855,74,855,0,473
271230349003,1256,1428,307,1428,18,452
271230350001,1103,1370,373,1370,0,523
271230350002,682,712,109,712,5,343
271230350003,517,562,145,562,0,221
271230351001,2109,2725,283,2725,8,534
271230351002,703,888,220,888,0,461
271230352001,1186,1342,210,1342,0,615
271230352002,947,1077,233,1077,0,468
271230352003,887,967,183,967,0,425
271230353001,831,1079,173,1079,0,443
271230353002,914,1006,254,1006,8,391
271230353003,639,754,148,754,0,436
271230353004,926,989,185,989,20,532
271230355001,1156,1311,138,1311,91,840
271230355002,785,971,109,971,31,483
271230357001,1066,1277,400,1277,0,515
271230357002,1088,1221,232,1221,26,587
271230358001,994,1145,71,1145,0,665
271230358002,459,691,135,691,17,497
271230358003,903,962,96,962,13,589
271230359001,414,651,101,651,0,493
271230360001,411,557,50,557,0,306
271230360002,1236,1856,323,1856,604,1018
271230361001,215,1601,416,1601,54,505
271230363001,544,599,163,599,0,294
271230363002,730,758,240,758,7,293
271230363003,740,750,104,750,0,322
271230363004,1271,1448,294,1448,214,462
271230364001,1000,1190,265,1190,14,536
271230364002,985,1236,256,1236,38,553
271230364003,480,480,137,480,0,187
271230364004,758,917,160,917,0,360
271230365001,845,1012,257,1012,0,467
271230365002,1044,1142,248,1142,24,557
271230365003,564,597,131,597,0,295
271230365004,1028,1037,228,1037,8,466
271230366001,1263,1397,157,1397,17,826
271230366002,1043,1086,361,1086,9,390
271230366003,569,676,123,676,7,403
271230366004,778,928,185,928,31,418
271230367001,700,824,129,824,0,393
271230367002,440,580,92,580,40,249
271230367003,1288,1665,297,1665,126,843
271230367004,884,1509,385,1509,10,541
271230368001,955,1306,235,1306,10,568
271230368002,1010,1325,339,1325,137,567
271230369001,949,1283,232,1283,140,676
271230369002,533,670,113,670,33,351
271230370001,414,676,160,676,0,277
271230370002,501,720,76,720,0,307
271230370003,669,683,166,683,0,242
271230370004,605,669,179,669,0,271
271230371001,447,1335,440,1335,51,544
271230371002,385,1088,337,1088,0,280
271230371003,488,958,247,958,16,438
271230371004,395,539,86,539,0,269
271230371005,646,943,258,943,5,396
271230372001,707,1940,659,1940,33,707
271230372002,563,848,182,848,8,315
271230372003,330,1086,340,1086,11,391
271230372004,371,1483,647,1483,24,475
271230372005,234,804,227,804,17,272
271230374021,607,1020,164,1020,0,405
271230374022,693,1182,314,1182,15,455
271230374023,995,1905,483,1905,0,901
271230374031,284,492,50,492,18,198
271230374032,487,944,309,944,0,268
271230374033,337,1634,823,1634,0,528
271230374034,887,1906,591,1906,114,572
271230374035,543,1699,315,1699,35,694
271230375001,753,1071,316,1071,21,333
271230375002,693,1041,208,1041,9,432
271230375003,628,719,188,719,0,310
271230375004,577,698,161,698,54,401
271230375005,775,1034,192,1034,0,437
271230375006,450,701,220,701,13,272
271230376011,1535,1999,439,1999,105,978
271230376012,973,992,174,992,0,383
271230376013,908,1181,161,1181,64,761
271230376021,911,1385,96,1385,69,802
271230376022,622,749,0,749,0,497
271230376023,146,1753,771,1753,25,650
271230376024,1223,1507,291,1507,630,818
271230401001,2059,2392,637,2392,166,819
271230401002,659,701,41,701,14,328
271230401003,1163,1169,280,1169,12,451
271230401004,1300,1300,306,1300,60,519
271230401005,1483,1571,246,1571,47,768
271230402001,825,825,169,825,106,417
271230402002,1104,1191,144,1191,70,611
271230403011,941,1123,254,1123,5,458
271230403012,803,924,248,924,6,312
271230403021,1372,1412,307,1412,0,588
271230403022,1212,1426,279,1426,12,583
271230403023,2061,2474,617,2474,0,1047
271230404011,786,877,187,877,0,368
271230404012,1070,1070,199,1070,0,408
271230404013,1357,1708,263,1708,73,842
271230404021,2703,2883,624,2883,50,1215
271230404022,1977,2428,576,2428,210,1119
271230405021,820,850,161,850,65,446
271230405022,1032,1122,330,1122,5,354
271230405023,929,957,170,957,0,333
271230405031,1924,2311,318,2311,53,1153
271230405032,1121,1430,374,1430,66,559
271230405041,1868,2190,479,2190,38,976
271230405042,1409,1755,319,1755,83,807
271230406011,1139,1268,220,1268,16,526
271230406012,1115,1196,67,1196,172,561
271230406013,3012,3252,691,3252,642,1268
271230406031,1506,1945,498,1945,47,670
271230406032,1876,2137,422,2137,25,858
271230406033,1397,1530,244,1530,50,757
271230406041,596,1129,538,1129,42,386
271230406042,990,1235,161,1235,112,725
271230406043,1240,1550,342,1550,48,671
271230406044,1488,1616,316,1616,0,738
271230406045,1648,2146,479,2146,201,819
271230407031,1641,2421,433,2421,80,1056
271230407032,2600,3259,573,3259,151,1380
271230407033,1631,1654,468,1654,13,657
271230407041,525,525,125,525,0,250
271230407042,2127,2728,513,2728,66,1212
271230407043,1733,2183,530,2183,191,1084
271230407051,1834,2308,366,2308,317,1185
271230407052,1600,1939,481,1939,0,711
271230407061,721,814,143,814,0,363
271230407062,1294,1482,262,1482,0,633
271230407063,2291,2687,684,2687,17,1050
271230407071,1757,1872,518,1872,40,710
271230407072,1653,1777,247,1777,122,748
271230407073,705,783,164,783,53,404
271230408011,357,670,183,670,49,214
271230408012,2582,2956,693,2956,59,1116
271230408031,1133,1165,162,1165,17,547
271230408032,873,987,161,987,86,332
271230408033,918,1075,255,1075,21,435
271230408034,1348,1551,415,1551,48,503
271230409011,992,1160,253,1160,23,435
271230409012,694,1168,330,1168,115,442
271230409021,1218,2025,629,2025,73,745
271230409022,1477,2063,500,2063,26,905
271230410011,1277,1431,297,1431,77,607
271230410012,1638,2008,434,2008,74,739
271230410021,1153,1808,409,1808,52,910
271230410022,1350,1451,388,1451,70,515
271230411031,1246,2119,469,2119,7,931
271230411032,1027,1251,109,1251,383,735
271230411041,1736,1754,335,1754,149,864
271230411042,1119,1245,246,1245,29,465
271230411051,2302,2552,470,2552,375,1138
271230411052,1024,1204,173,1204,12,456
271230411053,1529,1780,422,1780,29,711
271230411061,1837,2235,542,2235,0,908
271230411062,868,1281,357,1281,26,504
271230411071,2065,2516,540,2516,117,1238
271230411072,563,806,156,806,21,363
271230411073,770,1070,254,1070,14,413
271230411074,921,1630,523,1630,0,613
271230412001,1241,1582,326,1582,77,582
271230412002,711,1298,473,1298,5,410
271230412003,779,1487,383,1487,4,820
271230413011,1204,1902,444,1902,103,846
271230413012,968,1164,160,1164,65,533
271230413013,592,744,107,744,30,395
271230413021,1879,2165,137,2165,147,855
271230413022,1262,2019,330,2019,67,803
271230414001,1180,1532,277,1532,252,764
271230414002,1012,1211,246,1211,0,390
271230414003,1464,2031,345,2031,124,1210
271230414004,1284,1416,331,1416,0,367
271230415001,1546,1919,318,1919,42,829
271230415002,1162,1433,239,1433,9,691
271230415003,1402,1465,327,1465,21,607
271230416011,1480,2031,317,2031,39,874
271230416012,1753,2267,565,2267,17,966
271230416013,1585,1825,396,1825,0,866
271230416021,1078,1644,227,1644,93,998
271230416022,875,2182,620,2182,19,773
271230417001,841,1092,181,1092,0,475
271230417002,674,774,97,774,90,437
271230417003,862,1066,284,1066,57,469
271230418001,681,760,114,760,0,288
271230418002,635,860,186,860,13,377
271230418003,1049,1559,299,1559,11,706
271230418004,377,563,74,563,8,298
271230419001,713,808,156,808,7,373
271230419002,1026,1443,400,1443,191,576
271230419003,1063,1249,208,1249,44,594
271230420011,1059,1301,91,1301,16,419
271230420012,147,759,152,759,6,363
271230420021,558,1228,204,1228,0,673
271230420022,1068,1273,124,1273,0,652
271230421011,1432,2674,572,2674,127,1057
271230421012,977,1327,170,1327,205,752
271230421013,1176,1385,164,1385,20,898
271230421014,434,457,0,457,20,347
271230421021,1736,2968,749,2968,36,1137
271230421022,1180,1492,265,1492,40,690
271230422011,715,1477,370,1477,27,530
271230422021,1121,1427,389,1427,9,488
271230422022,1623,3064,759,3064,223,1118
271230422023,475,1070,358,1070,0,385
271230423011,772,1149,163,1149,99,466
271230423012,1182,1800,368,1800,284,751
271230423021,798,1509,383,1509,24,572
271230423022,506,733,166,733,8,254
271230423023,362,894,254,894,0,290
271230423024,545,911,160,911,113,439
271230423025,480,887,246,887,37,327
271230424011,2068,2388,392,2388,111,1021
271230424012,2327,4006,833,4006,687,1694
271230424021,1189,1992,469,1992,103,759
271230424022,1158,1238,300,1238,14,513
271230424023,920,1677,413,1677,88,576
271230424024,914,1268,325,1268,0,447
271230425011,365,730,167,730,28,334
271230425012,1097,1450,373,1450,68,537
271230425013,1250,1884,343,1884,121,875
271230425014,783,1390,288,1390,116,669
271230425031,2144,2924,699,2924,197,980
271230425032,288,333,69,333,0,108
271230425041,828,1249,113,1249,0,411
271230425042,1791,2695,466,2695,122,1236
271230426011,1498,1746,343,1746,0,610
271230426012,1199,1705,265,1705,5,810
271230426013,720,1467,520,1467,0,465
271230426021,732,888,212,888,8,356
271230426022,398,636,107,636,42,233
271230426023,544,842,115,842,6,410
271230427001,1512,1827,397,1827,25,720
271230427002,1681,2212,445,2212,178,1094
271230427003,684,918,229,918,0,325
271230428001,377,538,71,538,26,302
271230428002,99,1879,816,1879,4,641
271230429001,724,1133,276,1133,20,434
271230429002,530,609,95,609,0,313
271230429003,852,989,178,989,10,424
271230429004,1114,1168,170,1168,43,669
271230430001,1254,1431,316,1431,45,404
271230430002,1146,1324,141,1324,0,681
271230430003,1161,1233,427,1233,0,434
271230430004,496,521,88,521,0,272
271230430005,864,1014,193,1014,14,573
271230430006,781,815,52,815,17,422
271239800001,0,0,0,0,0,0
271390801001,840,862,122,862,186,424
271390801002,570,1318,426,1318,118,507
271390802011,680,924,245,924,34,282
271390802012,1593,1750,446,1750,389,647
271390802021,2456,3240,1145,3240,525,912
271390802022,1600,1947,612,1947,226,662
271390802031,2390,2838,848,2838,166,965
271390802032,1746,2116,468,2116,47,801
271390802033,1217,1521,482,1521,0,424
271390802034,601,1758,474,1758,216,544
271390802041,2110,2558,760,2558,899,1076
271390802042,763,822,195,822,77,276
271390802051,2920,3175,1191,3175,139,885
271390802052,1091,1283,272,1283,17,411
271390802053,1448,1645,493,1645,19,549
271390802054,914,1188,270,1188,24,395
271390802055,770,1066,224,1066,235,507
271390803011,4229,6437,2388,6437,1557,1919
271390803012,2693,3322,922,3322,311,1227
271390803013,1445,2034,316,2034,70,824
271390803021,3198,4884,1679,4884,773,1655
271390803022,1340,1633,445,1633,99,552
271390803023,6792,9263,3139,9263,2182,2721
271390804001,468,605,127,605,14,268
271390804002,1464,2475,522,2475,65,991
271390804003,662,797,140,797,30,379
271390805001,705,805,93,805,76,352
271390805002,1512,1936,282,1936,60,519
271390806001,1623,1932,378,1932,160,873
271390806002,1420,2314,831,2314,141,711
271390807001,1939,2491,761,2491,454,759
271390807002,421,1093,406,1093,98,311
271390809031,3312,4669,1308,4669,1394,1738
271390809032,1819,2021,458,2021,329,716
271390809033,1250,1530,433,1530,220,591
271390809041,1216,1261,174,1261,82,717
271390809042,4204,5039,1621,5039,727,1861
271390809043,1659,1727,480,1727,52,690
271390809051,3382,3637,1052,3637,229,1178
271390809052,802,958,309,958,18,385
271390809053,621,638,131,638,28,310
271390809061,2005,2093,500,2093,107,778
271390809062,703,837,131,837,71,381
271390809063,1794,2049,666,2049,57,736
271390811001,1961,2097,533,2097,247,735
271390811002,1234,1240,318,1240,155,399
271390811003,2071,2129,520,2129,143,767
271390811004,5451,5667,1816,5667,1262,1902
271630701031,1805,1940,522,1940,366,676
271630701032,689,861,201,861,39,457
271630701033,644,669,78,669,0,420
271630701034,1124,1478,444,1478,103,698
271630701041,1521,1626,403,1626,43,544
271630701042,759,788,218,788,19,328
271630701043,628,655,91,655,126,344
271630701051,1639,1717,456,1717,111,722
271630701052,1141,1221,213,1221,69,523
271630701053,1121,1162,167,1162,42,444
271630701061,2261,2463,520,2463,698,1200
271630701062,1579,1635,474,1635,65,566
271630701063,3085,3191,958,3191,576,974
271630702031,5728,6306,1896,6306,1950,2450
271630702032,2168,2181,533,2181,141,785
271630702041,1027,1041,252,1041,91,379
271630702042,4537,4887,1297,4887,1232,1898
271630703011,803,834,176,834,37,373
271630703012,786,892,216,892,41,300
271630703031,885,897,193,897,22,383
271630703032,1172,1191,211,1191,52,620
271630703033,2419,2905,790,2905,279,992
271630703041,896,945,146,945,16,386
271630703042,816,932,352,932,46,313
271630703043,1253,1291,315,1291,82,504
271630703044,716,755,249,755,19,288
271630703045,954,1033,257,1033,96,461
271630704041,919,995,230,995,82,404
271630704042,2492,2595,797,2595,523,936
271630704051,1850,1958,414,1958,107,735
271630704052,2656,2801,941,2801,452,867
271630704061,1400,1429,265,1429,107,501
271630704062,979,1366,411,1366,88,554
271630704063,1029,1071,200,1071,13,413
271630705011,755,762,181,762,95,293
271630705012,2535,2708,621,2708,80,1008
271630705021,1625,1742,314,1742,275,759
271630705022,790,790,210,790,0,348
271630705023,970,1089,172,1089,22,541
271630705024,794,822,137,822,16,351
271630706011,3777,4087,1279,4087,489,1499
271630706012,1809,2200,605,2200,98,1063
271630706021,1199,1199,290,1199,72,493
271630706022,658,720,147,720,7,353
271630706023,928,1171,346,1171,15,484
271630707011,2909,2998,542,2998,681,1301
271630707012,2440,2657,674,2657,296,871
271630707013,1417,1508,420,1508,113,507
271630707031,1521,1561,343,1561,4,582
271630707032,1559,1813,180,1813,40,1090
271630707041,877,918,195,918,89,450
271630707042,1167,1235,315,1235,113,507
271630709061,1321,1542,248,1542,125,701
271630709062,1246,1796,367,1796,45,660
271630709063,1401,2015,535,2015,8,728
271630709071,1038,1349,218,1349,307,579
271630709072,821,993,72,993,67,377
271630709073,1804,2308,569,2308,295,996
271630709074,193,574,220,574,99,313
271630709091,1090,1111,108,1111,16,396
271630709092,2050,2638,586,2638,119,1128
271630709093,1285,1627,426,1627,33,568
271630709101,1924,2976,666,2976,69,1155
271630709102,1502,2137,421,2137,137,964
271630709111,889,1009,100,1009,10,411
271630709112,1033,1374,308,1374,237,744
271630709113,806,1277,348,1277,43,475
271630709114,722,980,241,980,30,386
271630709121,851,1481,343,1481,30,659
271630709122,1373,1592,284,1592,55,705
271630710011,1545,2102,372,2102,0,895
271630710012,1907,2486,634,2486,203,1262
271630710031,1297,1786,453,1786,61,783
271630710032,467,496,116,496,70,241
271630710033,1058,1203,278,1203,21,374
271630710061,1729,2393,527,2393,273,1050
271630710062,1646,2253,474,2253,325,983
271630710101,1304,1424,423,1424,29,537
271630710102,1675,2036,452,2036,41,719
271630710103,1157,1564,411,1564,14,709
271630710111,661,781,228,781,6,249
271630710112,1895,2250,584,2250,26,722
271630710121,1131,1462,380,1462,95,636
271630710122,1019,1582,382,1582,89,766
271630710123,1182,1985,353,1985,103,872
271630710131,867,955,213,955,0,357
271630710132,2056,2540,519,2540,15,999
271630710133,1363,1509,431,1509,52,598
271630710141,2221,2739,846,2739,270,971
271630710142,1236,1433,412,1433,0,408
271630710151,1539,2013,653,2013,0,597
271630710152,2005,2365,648,2365,53,820
271630710153,1800,2394,429,2394,430,1123
271630710161,1567,1904,540,1904,139,652
271630710162,2243,2700,906,2700,198,814
271630710171,5555,8111,2526,8111,2132,3112
271630710181,5784,7503,3036,7503,1587,2184
271630710182,6459,9164,2299,9164,2406,3179
271630712061,5424,7423,2599,7423,1396,1976
271630712062,1139,1388,307,1388,11,481
271630712063,1596,2085,767,2085,50,983
271630712071,2122,2189,426,2189,67,844
271630712072,2380,2819,750,2819,119,1064
271630712073,1465,1826,628,1826,80,613
271630712081,1266,1489,443,1489,0,546
271630712082,1738,2046,440,2046,0,763
271630712083,1196,1615,369,1615,0,583
271630712091,2195,2603,868,2603,59,748
271630712092,1380,1923,551,1923,128,660
271630712093,1313,1469,242,1469,0,544
271630713001,2136,2682,609,2682,302,1015
271630713002,2286,2694,681,2694,3,1019
271630714001,696,796,125,796,0,368
271630714002,945,1103,231,1103,94,489
271630714003,840,1012,161,1012,18,392
271630714004,1819,2345,638,2345,72,822
271630714005,1555,2032,555,2032,108,733
